Nodes,score,level,RNA_input
ABI1,0.44197900194392703,6,-0.4166528314248744
ABL1,-1.8349535192843542,4,0.6754657319599316
ABL2,-0.3508648903147506,5,-0.1177978436242679
ACAT1,0.7827272337139787,3,-0.5412971025924214
ACLY,-0.477383038518223,4,0.8834743847647967
ACO1,-2.4191818177868925,2,0.3779946474111028
ACP1,1.6705972509395568,4,-0.1865421970253657
ACTA1,-1.3534379529896408,5,1.7575662253340951
ACTB,1.5084817657977052,5,0.9463682672107339
ACTN1,0.3183727236001459,3,1.059485068191646
ADAM17,-1.0783382390220264,5,-0.21469134512642013
ADAM9,-1.2404144516659008,5,-0.3115845430573009
ADSL,-0.7202630819243526,2,0.48774919088190394
AHCYL1,0.5946752301170906,2,0.2617912558908224
AHSA1,-0.3579834060908564,5,0.3948781931998653
AIMP1,-1.2170205482473764,6,0.24959265417723359
AKR1B1,1.8634492249556793,2,1.578090464534523
AKT1,-1.4849087813428608,3,0.24919987148607964
AKT2,-0.7942863421510769,5,0.1926664931183626
AKT3,0.6895928783408066,5,-0.7943607804795998
ANAPC1,1.256653509228815,5,-0.199357870548042
ANAPC10,1.1275815820507404,6,-0.8797046226161472
ANAPC2,0.9470558862641637,6,-0.4332541971069565
ANAPC4,1.1275815820507404,6,-0.6133178182701504
ANAPC5,1.1275815820507404,6,-0.4966424992150375
ANAPC7,1.1275815820507404,6,-0.505849286743672
ANP32A,1.1383032210502646,5,-0.19285435998602282
APC,1.8203657312898116,5,-0.2747797186534912
APEX1,1.63253801440395,4,0.3468619062321779
APP,1.2279995543734772,5,0.5926370598218393
ARAF,1.9522425885475438,4,0.028174797359911248
ARF1,-0.3183727236001459,3,0.0222362160748965
ARHGAP32,0.6599941414783428,4,-1.2136554887886344
ARHGAP35,1.268512264137795,5,0.5348279499161562
ARHGDIA,0.3980670143674315,5,0.027270562651276753
ARHGEF1,-0.4366907528256132,5,-0.38560846120172004
ARHGEF12,-0.4366907528256132,5,-1.2204669588026247
ARHGEF2,-1.648625524190579,4,-1.5858681314028542
ARHGEF7,-1.648625524190579,4,-1.1087823031439146
ARNT,-0.2794732521499305,6,-0.5191553884645931
ARPC2,1.3491526592809173,6,0.3374563397919426
ASXL1,1.2388013641441735,4,0.26123222365874793
ATF1,1.624945933934047,5,-1.3540361708678976
ATF4,-0.375463594659523,5,-0.43520482637799796
ATG13,1.256653509228815,5,-1.1559766910842815
ATG9A,-1.3752882833640743,6,-0.11273266918373061
ATR,0.8238264658855574,3,-0.8580136381447373
AURKA,-1.0030219604930704,4,0.240521915953196
AURKB,-1.536295035399286,4,0.3255982685601383
AXIN1,-0.028965975367820126,5,0.013911163439886952
BACH1,0.8771301901819275,4,-0.7541728455719335
BAD,1.536295035399286,4,-0.25249389409088313
BAG2,-0.3368469621094145,6,0.19187342177310285
BAK1,-1.256653509228815,5,-0.35491061748230046
BAX,-1.256653509228815,5,0.017049048836440157
BCAR1,-0.37791830915965585,5,1.1901802821662177
BCL10,-1.4206414713187232,5,0.28565416013201617
BCL2L1,-1.536295035399286,4,-0.17934074276369016
BCL3,0.7037127349332729,5,1.1265935093752344
BCL6,-1.63253801440395,4,-1.3175697951257823
BECN1,1.7855456396750695,5,-0.22002371935828402
BID,1.2618271541561634,5,0.5197006076648356
BIRC2,-1.3926135314585462,4,-0.3390433988870413
BIRC5,-1.3926135314585462,4,0.35562895741104716
BIRC6,-1.3926135314585462,4,-0.254347151716595
BNIP3L,1.2618271541561634,5,-0.8404629993072336
BRAF,2.2780887652080972,5,-0.8682833029899485
BRCA1,-1.536295035399286,4,0.4473273797503131
BRD4,2.282677534040875,5,0.2183786533250179
BRMS1,-1.7827203715484088,5,0.11432583620354302
BSG,2.2514798818332578,2,-0.02604933036744377
BUB1B,0.2410763334802504,6,0.6063103442660606
CABIN1,-0.7585092798639517,6,-0.4258480399150418
CAD,1.2986547564998725,2,0.27049192581685483
CALM1,-0.7234122379194519,5,-0.0844837437076861
CALM2,-0.7234122379194519,5,-0.8600532855119054
CALM3,-0.7234122379194519,5,0.13218760108182945
CAMK1,-0.70684653189946,5,0.43620083535434984
CAMKK2,-1.648625524190579,4,-0.4177112908146737
CAPN1,0.3314491724913796,4,0.4782703039274716
CAPN2,0.374773063658116,5,0.29348536237752165
CARM1,0.7068447178105576,3,0.10469188028818541
CASP2,1.051431025844741,5,-0.45027690612167703
CASP3,1.4257317365058264,3,-0.5588143406802623
CASP6,1.033066734990928,5,0.12437308076755826
CASP7,-1.256653509228815,5,1.0607489982145732
CASP8,1.3926135314585462,4,-0.7536312026662157
CASP9,1.3926135314585462,4,-0.24770748228504966
CAST,-0.2683690246242722,5,-0.8499546949185292
CAV1,-2.368256856346012,3,0.6211350658093464
CBL,0.474430814225416,5,-0.8732836704914171
CCNA2,2.0682728375147685,4,0.6008218644209847
CCND1,1.7311967963383275,5,0.47367452674787225
CCND3,1.7311967963383275,5,-0.43659573688117886
CCNE1,3.0462783524379193,5,-1.1640765913257145
CCNE2,0.7492270850745317,6,-0.1845944372290679
CCP110,-0.605364076725659,6,-0.5216447091685525
CD2AP,1.3491526592809173,6,0.5832564117945284
CD44,-0.35451669005709524,6,0.3941100584308692
CDC16,1.1275815820507404,6,-0.7750549802879063
CDC20,-0.3069446736156761,5,1.0169715648477122
CDC23,1.1275815820507404,6,0.581716200391891
CDC25A,-1.3926135314585462,4,0.1446828794657951
CDC27,0.6266646184876374,6,0.23998169872437855
CDC42,1.3474493785337758,4,0.6273524921012372
CDH2,-2.2581492139032355,6,1.119707385331215
CDK1,1.6158400848732304,3,-0.40470204260517156
CDK2,1.5257953115092442,4,-1.224748783791142
CDK4,1.511270372237467,5,-0.5819653877082326
CDK5,2.1383329704683063,4,-1.055414234552009
CDK6,2.162169471132853,5,1.140770945169131
CDK9,1.536295035399286,4,0.21592528933774127
CDKN1A,-1.5933628095113697,4,-0.7079701376771593
CDKN1B,-0.8876883347206983,5,-0.8726453363206701
CDKN2D,2.330192858467633,6,-0.5784788789169686
CDR2,-1.4206414713187232,5,0.5496765021901127
CEBPB,-1.1044740265776922,5,-1.0499385772888816
CEP192,-0.8233598883956199,5,-0.38465763317272583
CFL1,-1.1579241777874647,6,1.4523947535221593
CFLAR,-1.5916756857325316,5,1.4258715607866785
CHEK1,1.536295035399286,4,-0.9855738567942356
CHEK2,1.536295035399286,4,-0.8997755809752034
CHUK,0.6493606923212553,5,-0.8516588901123218
COPS6,1.3926135314585462,4,-0.5548924885237349
CREB1,1.536295035399286,4,-0.02397332174583842
CREBBP,0.46240675804602727,4,1.284022538417716
CRK,-0.42228072892395185,5,0.6652107168950676
CRKL,-0.28344378796324654,5,-0.14124821075870375
CRTC2,-0.07121690647715634,5,-0.08655688281644734
CSK,1.3090571347349875,4,-0.34464334282006864
CSNK1A1,1.536295035399286,4,-0.1781085960021103
CSNK2A1,0.8715592165846097,3,0.061754939042531556
CSNK2B,1.536295035399286,4,-0.15963273825611762
CTBP1,-1.6105955409030148,5,0.4526250368949807
CTNNB1,-2.5959348231824335,5,0.6385961532450313
CTNND1,-1.3534379529896408,5,0.02720700829407345
CTPS1,1.2986547564998725,2,-0.17756969627897573
CTTN,1.3491526592809173,6,-0.4401840622771733
CYCS,1.1383032210502646,5,-0.41704212650391115
CYTH2,-0.4260555130468795,4,-0.24716787378203361
DAB2IP,0.8349863743208984,5,-1.7869936860118607
DAG1,0.1544668149649027,4,-0.1587149956355111
DAPK3,1.536295035399286,4,0.7064755643257977
DAXX,1.536295035399286,4,-0.45127185752082116
DBF4,1.1321284570975838,6,-0.386224644418165
DDB2,1.3088890339807044,5,-1.3330844943979747
DDR1,1.1021717004165064,5,-1.095465626605141
DDX5,1.536295035399286,4,-0.30179918630509955
DGKD,-0.14235654188686828,6,0.4343179274497667
DGKZ,-0.14235654188686828,6,0.5847179021209823
DHFR,1.7629271382161316,4,-1.030617629300458
DIABLO,2.300725439932001,5,-0.6743711589400686
DIAPH1,-1.48100819809973,6,0.39866414066669087
DNAJB1,1.7708732946024226,5,-0.08016002596697629
DOCK1,-1.3534379529896408,5,-0.39681125761761754
DOCK7,-0.17727791125891088,5,-0.7216139806981461
DOK1,1.2404144516659008,5,0.7540070807305502
DUSP1,1.9522425885475438,4,-0.3301736767079533
DUSP3,0.2205380219685934,4,-0.22052922474076309
DUSP5,0.030549044684118825,4,-0.7187122734121352
DVL1,-0.2760222215845514,5,0.965378026866455
DVL2,-1.3534379529896408,5,-0.35664541259950755
DVL3,-0.06793134087201143,5,0.17371816047404837
DYNLL1,0.4366907528256132,5,-0.05309917269282109
E2F1,3.6005676118479237,4,-0.029805659005690707
E2F3,1.6966469364710053,5,-0.270229656625729
E4F1,1.536295035399286,4,0.35997884171254735
EEF1A1,-0.17412838587366347,5,-1.268747878882452
EFNB1,-0.30862919626631297,5,-0.03359856215562797
EGFR,-0.3183727236001459,3,1.0517209125855738
EGLN2,-0.5215955987241225,3,-0.3698451420242059
EIF2A,-0.30098002215287145,6,-0.6121048961666319
EIF2AK2,-0.03954095643936579,4,-0.41422747761501055
EIF3I,-0.7924475547566248,6,0.08733895645988923
EIF3J,-1.3960045321366314,6,-0.22674569260005334
EIF4E,1.0121554410747289,6,0.2346159583321124
EIF4EBP1,-1.1383032210502646,5,-0.792150621668731
EIF4G2,-1.6239152319413133,5,-0.016532142137436867
ELAVL1,1.63253801440395,4,-0.04646963090459147
ENO1,-0.7863547541836039,2,0.47580130649824703
EP300,1.536295035399286,4,0.4915464876939723
EPHA2,0.5607792358227902,5,0.7477755220635932
ERBB2,-1.3875255917913065,4,-0.360399544168176
EZR,-0.1951909570682364,5,0.43465615237634453
FADD,1.051431025844741,5,0.7789137126642499
FANCC,0.03488222098602672,5,-0.08632282935965772
FANCE,0.05769548322468853,6,-0.5018441908998528
FASN,0.671053090320892,6,0.20829064965460686
FBXO5,0.2410763334802504,6,0.062472245723952484
FBXW7,0.6376237163809376,4,0.07659768488257322
FEN1,1.3360341699608091,5,-0.909847314876278
FGFR1,3.387803929381921,3,0.7009276096509078
FH,-1.5693930847899813,2,-0.48614752885222395
FHL1,1.0117987337823515,5,0.1384385910017606
FHL2,-1.256653509228815,5,0.1784062328668731
FKBP8,-0.7842065819501683,5,-0.3022072085289883
FLNA,-1.2480619194153808,5,1.118846479356399
FN1,-1.7203039521876655,5,1.006524702215996
FOXO3,-0.7492270850745317,6,1.089368212485048
FRS2,0.02626795510478821,5,-0.5704561165697247
FYN,1.1936608928550656,3,-1.0262307470026124
FZD7,-0.5782690195629553,5,-0.20120062387917512
FZR1,1.1275815820507404,6,0.39360614642334835
G3BP1,-0.03488222098602672,5,0.23054420163845027
G3BP2,-0.0032777895592451213,6,0.1477480182340275
G6PD,-1.0831595031436239,2,-0.4833012762100282
GABARAP,1.1579241777874647,6,-0.47053558503373194
GABARAPL1,-0.20025907114450153,6,-0.6741454144736366
GABARAPL2,-0.20025907114450153,6,-0.5570965174440523
GADD45A,-1.5933628095113697,4,0.0316671109686902
GAPDH,-1.495252592747007,4,0.01269869154757125
GCLC,-0.9584793731992877,2,-0.7750961063815446
GCLM,-0.9584793731992877,2,0.18537212057281804
Enzyme1000000002__SLC7A6,-0.02258738415102282,3,NA
Enzyme1000300002__SLC7A6,-0.5240937828981257,3,NA
Enzyme1000500002__SLC7A6,-0.29099101705957875,3,NA
Enzyme1000800002__SLC7A6,-0.5240937828981257,3,NA
Enzyme1000900002__SLC7A6,-0.581057952447762,3,NA
Enzyme1001200002__SLC7A6,-0.3606282194873493,3,NA
Enzyme1001400002__SLC7A6,-0.02258738415102282,3,NA
Enzyme1001600002__SLC7A6,-0.5240937828981257,3,NA
Enzyme1002000002__SLC7A6,1.2795420576310779,3,NA
Enzyme1002100002__SLC7A6,-0.3606282194873493,3,NA
Enzyme1002400002__SLC7A6,-0.5240937828981257,3,NA
Enzyme1002900002__SLC7A6,1.2795420576310779,3,NA
Enzyme1003000002__SLC7A6,-1.1707356955632442,3,NA
Enzyme1003100002__SLC7A6,-0.3606282194873493,3,NA
Enzyme1003300003__SLC7A6,-0.0955399614929515,3,NA
Enzyme1003400002__SLC7A6,-0.02258738415102282,3,NA
Enzyme1003600002__SLC7A6,-0.581057952447762,3,NA
Enzyme1003700002__SLC7A6,-0.3606282194873493,3,NA
Enzyme1003900002__SLC7A6,-0.0955399614929515,3,NA
Enzyme1004100002__SLC7A6,-0.581057952447762,3,NA
Enzyme1004300003__SLC7A6,-0.0955399614929515,3,NA
Enzyme1004600002__SLC7A6,1.2795420576310779,3,NA
Enzyme1005000002__SLC7A6,-0.5240937828981257,3,NA
Enzyme1005400003__SLC7A6,-0.0955399614929515,3,NA
Enzyme1005600002__SLC7A6,-1.1707356955632442,3,NA
Enzyme1005700002__SLC7A6,-0.29099101705957875,3,NA
Enzyme1005900003__SLC7A6,-0.0955399614929515,3,NA
Enzyme1006200002__SLC7A6,-0.581057952447762,3,NA
Enzyme1006400002__SLC7A6,1.2795420576310779,3,NA
Enzyme1006900002__SLC7A6,1.2366722224509976,1,NA
Enzyme1007100002__SLC7A6,1.2366722224509976,1,NA
Enzyme1007100003__SLC7A6,-0.15723033808550368,3,NA
Enzyme1007900003__SLC7A6,-0.15723033808550368,3,NA
Enzyme1009500003__SLC7A6,-0.15723033808550368,3,NA
Enzyme1009900002__SLC7A6,-0.15723033808550368,3,NA
Enzyme1010500002__SLC7A6,-0.15723033808550368,3,NA
Enzyme1011100002__SLC7A6,-0.15723033808550368,3,NA
Enzyme1016100002__SLC16A1,2.368256856346012,3,NA
Enzyme1016500002__SLC16A1,2.368256856346012,3,NA
Enzyme1016700002__SLC16A1,2.368256856346012,3,NA
Enzyme10508__PLD2,-0.3606282194873493,3,NA
Enzyme10517__SMPD1,-1.6567878448859263,3,NA
Enzyme1097__NME1_NME2,-0.5782690195629553,5,NA
Enzyme1097__NME2_NME1,-0.5782690195629553,5,NA
Enzyme1101__NME1_NME2,-0.8233598883956199,5,NA
Enzyme1101__NME2_NME1,-0.8233598883956199,5,NA
Enzyme1107__SLC12A2,-1.298676536252713,3,NA
Enzyme1107__SLC12A2_reverse,-1.1921365703755136,5,NA
Enzyme114__ADSL,-0.612075309275335,1,NA
Enzyme1170__PLD2,-0.3606282194873493,3,NA
Enzyme119800002__SLC38A2,-0.1734014337442852,1,NA
Enzyme1208__INPP5B,-0.135326162622201,5,NA
Enzyme1208__INPP5E,-0.135326162622201,5,NA
Enzyme1208__OCRL,-0.135326162622201,5,NA
Enzyme1208__SYNJ2,-0.135326162622201,5,NA
Enzyme1210__PLCB3,-0.06478484212047268,3,NA
Enzyme1210__PLCG1,-0.06478484212047268,3,NA
Enzyme1210__PLCG2,-0.06478484212047268,3,NA
Enzyme1218__PLCB3,-0.03710669892032842,3,NA
Enzyme1218__PLCG1,-0.03710669892032842,3,NA
Enzyme1218__PLCG2,-0.03710669892032842,3,NA
Enzyme12300001__SLC25A10,-0.8790887539983446,1,NA
Enzyme12300001__SLC25A11,-0.8790887539983446,1,NA
Enzyme12700002__orphanReacSLC_complex_3,1.2795420576310779,3,NA
Enzyme12800003__SLC1A4,-0.3606282194873493,3,NA
Enzyme12800003__SLC1A5,-0.3606282194873493,3,NA
Enzyme13000003__SLC1A4,-0.581057952447762,3,NA
Enzyme13000003__SLC1A5,-0.581057952447762,3,NA
Enzyme1338__AKR1B1,3.181555513401225,1,NA
Enzyme134100002__SLC1A5,-0.5240937828981257,3,NA
Enzyme134200001__orphanReacSLC_complex_3,1.2795420576310779,3,NA
Enzyme134400003__SLC1A4,-0.581057952447762,3,NA
Enzyme134400003__SLC1A5,-0.581057952447762,3,NA
Enzyme1361__SPHK1,0.3824776313393671,5,NA
Enzyme1396__orphanReacSUCCtp,0.3908293477089742,3,NA
Enzyme142300002__SLC1A4,-0.02258738415102282,3,NA
Enzyme142300002__SLC1A5,-0.02258738415102282,3,NA
Enzyme142400002__SLC1A5,-0.29099101705957875,3,NA
Enzyme142500001__orphanReacSLC_complex_3,1.2795420576310779,3,NA
Enzyme142600002__SLC1A4,-0.3606282194873493,3,NA
Enzyme142600002__SLC1A5,-0.3606282194873493,3,NA
Enzyme1484__CMPK1_reverse,-0.8715592165846097,3,NA
Enzyme1542__IDH1,-0.8790887539983446,1,NA
Enzyme1542__IDH2,-0.8790887539983446,1,NA
Enzyme1546__GGT7,1.3834590441026526,1,NA
Enzyme1546__GGT7_reverse,1.4257317365058264,3,NA
Enzyme1551__orphanReacr0156,-1.2716401727121067,1,NA
Enzyme1559__DHFR,1.2795420576310779,3,NA
Enzyme156__AKR1B1,1.9204042425238224,1,NA
Enzyme1561__AKR1B1,0.6492138789545836,1,NA
Enzyme1563__GMPR2_reverse,-1.6448498425693114,1,NA
Enzyme1565__GMPS,-1.6448498425693114,1,NA
Enzyme1571__HK1,-0.9694569950727993,1,NA
Enzyme1571__HK2,-0.9694569950727993,1,NA
Enzyme1572__HK1,-0.9694569950727993,1,NA
Enzyme1572__HK2,-0.9694569950727993,1,NA
Enzyme1573__HK1,-0.22740042165782828,3,NA
Enzyme1573__HK2,-0.22740042165782828,3,NA
Enzyme1587__IDH1,-0.7827272337139787,3,NA
Enzyme1587__IDH1_reverse,-1.6769330096563169,3,NA
Enzyme1587__IDH2,-0.7827272337139787,3,NA
Enzyme1587__IDH2_reverse,-1.6769330096563169,3,NA
Enzyme1604__DHFR,1.0117987337823515,5,NA
Enzyme166900001__SLC25A10,-0.8790887539983446,1,NA
Enzyme166900002__SLC25A10,0.32876555995905127,1,NA
Enzyme167200002__SLC25A10,0.32876555995905127,1,NA
Enzyme1684__orphanReacr0907_reverse,0.9099194760412699,1,NA
Enzyme168700002__SLC25A1,-1.6769330096563169,3,NA
Enzyme168800002__SLC25A1,0.32876555995905127,1,NA
Enzyme16900003__SLC1A5,-0.02258738415102282,3,NA
Enzyme17000003__SLC1A5,-0.29099101705957875,3,NA
Enzyme172900001__orphanReacr1148,-0.7827272337139787,3,NA
Enzyme172900002__orphanReacr1148,-1.6769330096563169,3,NA
Enzyme17300002__SLC38A2,-0.6146380985542892,1,NA
Enzyme17500002__SLC25A12,1.3834590441026526,1,NA
Enzyme17500002__SLC25A13,1.3834590441026526,1,NA
Enzyme1758__orphanReacr1384_reverse,-0.2687312923196551,1,NA
Enzyme1765__orphanReacALAtmi,-1.2716401727121067,1,NA
Enzyme1766__orphanReacr1435,-0.4466721627666444,1,NA
Enzyme1767__orphanReacr1437,-0.09808096320641094,1,NA
Enzyme177300002__orphanReacPHEt2m,-0.1734014337442852,1,NA
Enzyme179500001__SLC7A5,1.2366722224509976,1,NA
Enzyme179600001__SLC7A5,1.2366722224509976,1,NA
Enzyme179600002__SLC7A5,-0.0955399614929515,3,NA
Enzyme179700001__SLC7A5,1.2366722224509976,1,NA
Enzyme179800001__SLC7A5,1.2366722224509976,1,NA
Enzyme179900001__SLC7A5,-0.5240937828981257,3,NA
Enzyme179900002__SLC7A5,1.2366722224509976,1,NA
Enzyme180000001__SLC7A5,1.2366722224509976,1,NA
Enzyme180100001__SLC7A5,1.2366722224509976,1,NA
Enzyme180200001__SLC7A5,1.2366722224509976,1,NA
Enzyme180500002__SLC7A5,-0.0955399614929515,3,NA
Enzyme180600002__SLC7A5,-0.02258738415102282,3,NA
Enzyme180800002__SLC7A5,-0.5240937828981257,3,NA
Enzyme181700002__SLC7A5,-0.0955399614929515,3,NA
Enzyme181900001__SLC7A5,-0.02258738415102282,3,NA
Enzyme182300002__SLC7A5,-0.581057952447762,3,NA
Enzyme182600001__SLC7A5,-0.5240937828981257,3,NA
Enzyme182800001__SLC7A5,-0.02258738415102282,3,NA
Enzyme183100001__SLC7A5,-0.5240937828981257,3,NA
Enzyme183200001__SLC7A5,-0.581057952447762,3,NA
Enzyme183600002__SLC7A5,-0.0955399614929515,3,NA
Enzyme183800002__SLC7A5,-0.0955399614929515,3,NA
Enzyme183900001__SLC7A5,-0.0955399614929515,3,NA
Enzyme184000002__SLC7A5,-0.0955399614929515,3,NA
Enzyme184100002__SLC7A5,-0.0955399614929515,3,NA
Enzyme184300001__SLC7A5,-0.5240937828981257,3,NA
Enzyme184500001__SLC7A5,-0.581057952447762,3,NA
Enzyme184700001__SLC7A5,-0.5240937828981257,3,NA
Enzyme184900001__SLC7A5,-0.581057952447762,3,NA
Enzyme185100001__SLC7A5,-0.5240937828981257,3,NA
Enzyme185400001__SLC7A5,-0.581057952447762,3,NA
Enzyme185900002__SLC7A6,-0.29099101705957875,3,NA
Enzyme185900003__SLC7A6,1.2366722224509976,1,NA
Enzyme186000002__SLC7A6,1.2366722224509976,1,NA
Enzyme186000003__SLC7A6,-0.3606282194873493,3,NA
Enzyme186100002__SLC7A6,1.2366722224509976,1,NA
Enzyme186200002__SLC7A6,1.2366722224509976,1,NA
Enzyme186300002__SLC7A6,1.2366722224509976,1,NA
Enzyme186400002__SLC7A6,1.2366722224509976,1,NA
Enzyme186500002__SLC7A6,1.2366722224509976,1,NA
Enzyme186600003__SLC7A6,-0.0955399614929515,3,NA
Enzyme187300003__SLC7A6,-0.0955399614929515,3,NA
Enzyme187500002__SLC7A6,1.2795420576310779,3,NA
Enzyme187600003__SLC7A6,-0.0955399614929515,3,NA
Enzyme188000002__SLC7A6,1.2795420576310779,3,NA
Enzyme188200002__SLC7A6,-0.581057952447762,3,NA
Enzyme188500002__SLC7A6,1.2795420576310779,3,NA
Enzyme188600002__SLC7A6,-1.1707356955632442,3,NA
Enzyme188700002__SLC7A6,-0.3606282194873493,3,NA
Enzyme189000002__SLC7A6,-0.02258738415102282,3,NA
Enzyme189300002__SLC7A6,1.2795420576310779,3,NA
Enzyme189400002__SLC7A6,-1.1707356955632442,3,NA
Enzyme189500002__SLC7A6,-0.29099101705957875,3,NA
Enzyme189900002__SLC7A6,-0.581057952447762,3,NA
Enzyme190000002__SLC7A6,-1.1707356955632442,3,NA
Enzyme190100002__SLC7A6,-0.29099101705957875,3,NA
Enzyme190400002__SLC7A6,-0.02258738415102282,3,NA
Enzyme190600002__SLC7A6,-0.581057952447762,3,NA
Enzyme190900003__SLC7A6,1.2795420576310779,3,NA
Enzyme191200003__SLC7A6,-0.0955399614929515,3,NA
Enzyme191600002__SLC7A6,-0.29099101705957875,3,NA
Enzyme191900002__SLC7A6,-0.5240937828981257,3,NA
Enzyme192300002__SLC7A6,1.2795420576310779,3,NA
Enzyme192400002__SLC7A6,-1.1707356955632442,3,NA
Enzyme192500002__SLC7A6,-0.29099101705957875,3,NA
Enzyme192800002__SLC7A6,-0.02258738415102282,3,NA
Enzyme192900002__SLC7A6,-0.5240937828981257,3,NA
Enzyme193200003__SLC7A6,1.2795420576310779,3,NA
Enzyme193900002__SLC7A6,-1.1707356955632442,3,NA
Enzyme194000002__SLC7A6,-0.29099101705957875,3,NA
Enzyme194100002__SLC7A6,-0.3606282194873493,3,NA
Enzyme194300002__SLC7A6,-0.0955399614929515,3,NA
Enzyme194400002__SLC7A6,-0.02258738415102282,3,NA
Enzyme194600002__SLC7A6,-0.581057952447762,3,NA
Enzyme194800002__SLC7A6,1.2795420576310779,3,NA
Enzyme195400002__SLC7A6,1.2795420576310779,3,NA
Enzyme195500002__SLC7A6,-0.3606282194873493,3,NA
Enzyme195800002__SLC7A6,-0.02258738415102282,3,NA
Enzyme196000002__SLC7A6,-0.5240937828981257,3,NA
Enzyme196100002__SLC7A6,-1.1707356955632442,3,NA
Enzyme196200002__SLC7A6,-0.29099101705957875,3,NA
Enzyme196300002__SLC7A6,-0.3606282194873493,3,NA
Enzyme196500003__SLC7A6,-0.0955399614929515,3,NA
Enzyme196700002__SLC7A6,-0.02258738415102282,3,NA
Enzyme196900002__SLC7A6,-0.5240937828981257,3,NA
Enzyme197000002__SLC7A6,-0.581057952447762,3,NA
Enzyme197100002__SLC7A6,1.2366722224509976,1,NA
Enzyme197200002__SLC7A6,1.2366722224509976,1,NA
Enzyme197400003__SLC7A6,-0.15723033808550368,3,NA
Enzyme197600003__SLC7A6,-0.15723033808550368,3,NA
Enzyme198000002__SLC7A6,-0.15723033808550368,3,NA
Enzyme198200002__SLC7A6,-0.15723033808550368,3,NA
Enzyme199200002__SLC7A6,-0.15723033808550368,3,NA
Enzyme199400003__SLC7A6,-0.15723033808550368,3,NA
Enzyme199800003__SLC7A6,-0.15723033808550368,3,NA
Enzyme218400002__SLC37A4,-0.8715592165846097,3,NA
Enzyme220600001__SLC25A1,-1.6769330096563169,3,NA
Enzyme220600002__SLC25A1,0.32876555995905127,1,NA
Enzyme220700001__SLC25A1,-0.8790887539983446,1,NA
Enzyme220800003__SLC25A1,0.32876555995905127,1,NA
Enzyme221500002__SLC25A1,-0.8790887539983446,1,NA
Enzyme221500003__SLC25A1,-1.6769330096563169,3,NA
Enzyme221700003__SLC25A1,-1.6769330096563169,3,NA
Enzyme221900002__SLC25A1,-1.6769330096563169,3,NA
Enzyme222200002__SLC16A1,2.3017129288083487,1,NA
Enzyme223100001__SLC25A11,-0.8790887539983446,1,NA
Enzyme2244__SLC25A10,-0.8790887539983446,1,NA
Enzyme2341__PRDX6,-0.46413319483538307,3,NA
Enzyme2341__PRDX6_reverse,-0.553088978067052,1,NA
Enzyme2693__orphanReacSLC_complex_9_TRANSPORTER1,-1.1707356955632442,3,NA
Enzyme2730__orphanReacAHCYStm,0.4872612330328351,1,NA
Enzyme2759__orphanReacLACLt,2.3017129288083487,1,NA
Enzyme2807__orphanReacSFCYSc,-0.02258738415102282,3,NA
Enzyme2970__orphanReacC05953t_TRANSPORTER3_reverse,2.368256856346012,3,NA
Enzyme2972__orphanReacC06439t_TRANSPORTER3_reverse,2.368256856346012,3,NA
Enzyme2978__orphanReac2OXOADPt_TRANSPORTER3_reverse,-0.7827272337139787,3,NA
Enzyme30600002__SLC1A4,-1.1707356955632442,3,NA
Enzyme30600002__SLC1A5,-1.1707356955632442,3,NA
Enzyme30700002__SLC1A5,-0.5240937828981257,3,NA
Enzyme30800001__orphanReacSLC_complex_3,-0.02258738415102282,3,NA
Enzyme30800001__orphanReacSLC_complex_5,-0.02258738415102282,3,NA
Enzyme30800002__orphanReacSLC_complex_3,1.2366722224509976,1,NA
Enzyme30800002__orphanReacSLC_complex_5,1.2366722224509976,1,NA
Enzyme31000003__SLC1A4,-0.3606282194873493,3,NA
Enzyme31000003__SLC1A5,-0.3606282194873493,3,NA
Enzyme319__CMPK1_reverse,-0.8233598883956199,5,NA
Enzyme330__CMPK1_reverse,-0.06992257078545595,1,NA
Enzyme331__CMPK1_reverse,-0.8233598883956199,5,NA
Enzyme334__DGKD,-0.1940093764233402,5,NA
Enzyme334__DGKQ,-0.1940093764233402,5,NA
Enzyme334__DGKZ,-0.1940093764233402,5,NA
Enzyme338__orphanReacDATPtn_reverse,-0.8715592165846097,3,NA
Enzyme3418__orphanReacGLYLYSPHEr,0.7508822773365725,1,NA
Enzyme3418__orphanReacGLYLYSPHEr_reverse,0.8014611557697091,3,NA
Enzyme3422__orphanReacALAARGCYSr_reverse,-0.8733462963695897,3,NA
Enzyme3423__orphanReacGLYTYRLYSr,0.7342858705138308,1,NA
Enzyme3423__orphanReacGLYTYRLYSr_reverse,0.7852515622900385,3,NA
Enzyme3424__orphanReacGLYVALHISr,0.7051610327706198,1,NA
Enzyme3424__orphanReacGLYVALHISr_reverse,0.7568211651999592,3,NA
Enzyme3428__orphanReacALAARGGLYr_reverse,0.048990712649896045,3,NA
Enzyme3430__orphanReacALAGLYLYSr_reverse,0.048990712649896045,3,NA
Enzyme3441__orphanReacILEGLYARGr,1.2366722224509976,1,NA
Enzyme3441__orphanReacILEGLYARGr_reverse,1.2795420576310779,3,NA
Enzyme3454__orphanReacARGVALCYSr_reverse,-0.02258738415102282,3,NA
Enzyme3460__orphanReacLYSCYSHISr_reverse,-0.15862182194201846,3,NA
Enzyme3474__orphanReacCYSASNMETr_reverse,-0.1621308766868803,3,NA
Enzyme3483__orphanReacCYSGLUTRPr_reverse,0.9548970739875287,3,NA
Enzyme3484__orphanReacCYSLEUTHRr_reverse,-0.45954041449996963,3,NA
Enzyme3485__orphanReacCYSSERMETr_reverse,-0.06741487761195633,3,NA
Enzyme3490__orphanReacCYSTYRASNr_reverse,-0.443298963498211,3,NA
Enzyme3520__orphanReacSERCYSARGr_reverse,-0.30324276102306064,3,NA
Enzyme3521__orphanReacSERGLYGLUr,1.2673284502404916,1,NA
Enzyme3521__orphanReacSERGLYGLUr_reverse,1.3099959993741437,3,NA
Enzyme3540__orphanReacTRPGLYVALr,1.2366722224509976,1,NA
Enzyme3540__orphanReacTRPGLYVALr_reverse,1.2795420576310779,3,NA
Enzyme3558__orphanReacTYRCYSTHRr_reverse,-0.4764683654551522,3,NA
Enzyme3572__orphanReacTRPGLYASPr,1.4687869083149703,1,NA
Enzyme3572__orphanReacTRPGLYASPr_reverse,1.511169116589325,3,NA
Enzyme3655__CTPS1,0.004679293549723717,3,NA
Enzyme3656__CTPS1,1.3834590441026526,1,NA
Enzyme3659__CBS,-0.005356873307272026,1,NA
Enzyme3666__DHFR,1.2795420576310779,3,NA
Enzyme3666__DHFR_reverse,1.0117987337823515,5,NA
Enzyme3684__CNDP2,1.2366722224509976,1,NA
Enzyme3684__CNDP2_reverse,1.2795420576310779,3,NA
Enzyme3686__PEPD,0.984720133376915,1,NA
Enzyme3686__PEPD_reverse,1.030629871744576,3,NA
Enzyme3711__IMPDH2,-1.234428420723046,3,NA
Enzyme3732__PGAM1,-0.7617887463552137,5,NA
Enzyme3732__PGAM1_reverse,-0.5852346881497882,3,NA
Enzyme3734__PGM1,-0.9694569950727993,1,NA
Enzyme3734__PGM1_reverse,-0.8715592165846097,3,NA
Enzyme3734__PGM2_reverse,-0.8715592165846097,3,NA
Enzyme3753__IDH1,-0.7827272337139787,3,NA
Enzyme3753__IDH1_reverse,-1.6769330096563169,3,NA
Enzyme3753__IDH2,-0.7827272337139787,3,NA
Enzyme3753__IDH2_reverse,-1.6769330096563169,3,NA
Enzyme376800002__SLC36A1,1.2366722224509976,1,NA
Enzyme3777__TALDO1,-0.9909064004790759,1,NA
Enzyme3777__TALDO1_reverse,-1.5929392068307444,3,NA
Enzyme3782__TKT,-1.5929392068307444,3,NA
Enzyme3787__orphanReacNH4t,-1.298676536252713,3,NA
Enzyme3787__orphanReacNH4t_reverse,-1.1921365703755136,5,NA
Enzyme3813__MDH1,-0.367705434492779,3,NA
Enzyme3813__MDH1_reverse,-0.535226140071321,1,NA
Enzyme3816__IMPA1,-0.06189852393200415,1,NA
Enzyme3816__IMPA2,-0.06189852393200415,1,NA
Enzyme3816__MTMR1,-0.06189852393200415,1,NA
Enzyme3816__MTMR2,-0.06189852393200415,1,NA
Enzyme3825__ACO1,-1.6769330096563169,3,NA
Enzyme3825__ACO1_reverse,-1.5613079307759183,1,NA
Enzyme3825__IREB2,-1.6769330096563169,3,NA
Enzyme3825__IREB2_reverse,-1.5613079307759183,1,NA
Enzyme3830__PFAS,1.3834590441026526,1,NA
Enzyme3836__SDSL,-1.298676536252713,3,NA
Enzyme3840__AHCY,0.5467080911417173,1,NA
Enzyme3840__AHCYL1,0.5467080911417173,1,NA
Enzyme3840__AHCYL1_reverse,0.4872612330328351,1,NA
Enzyme3844__PGD,1.9661262298911453,1,NA
Enzyme3846__ALDH1B1,0.9005337011548349,1,NA
Enzyme3846__ALDH2,0.9005337011548349,1,NA
Enzyme3846__ALDH3A2,0.9005337011548349,1,NA
Enzyme3846__ALDH7A1,0.9005337011548349,1,NA
Enzyme3846__ALDH9A1,0.9005337011548349,1,NA
Enzyme4347__PLD2,-0.3606282194873493,3,NA
Enzyme4351__GPX1,1.256653509228815,5,NA
Enzyme440__PGAM1,-0.7617887463552137,5,NA
Enzyme4481__PRDX6,-0.8399317593297763,4,NA
Enzyme4481__PRDX6_reverse,-0.5758095881151801,6,NA
Enzyme4482__PRDX6,-0.5758095881151801,6,NA
Enzyme4741__FH,-0.612075309275335,1,NA
Enzyme478300002__orphanReacGLNtm_1,-0.374972030329154,1,NA
Enzyme4788__KMT2A,0.4872612330328351,1,NA
Enzyme4788__KMT5A,0.4872612330328351,1,NA
Enzyme4788__SETD2,0.4872612330328351,1,NA
Enzyme4788__SETDB1,0.4872612330328351,1,NA
Enzyme4788__SUV39H1,0.4872612330328351,1,NA
Enzyme4789__ASH1L,0.4872612330328351,1,NA
Enzyme4789__DOT1L,0.4872612330328351,1,NA
Enzyme4789__EHMT1,0.4872612330328351,1,NA
Enzyme4789__EHMT2,0.4872612330328351,1,NA
Enzyme4789__KMT2A,0.4872612330328351,1,NA
Enzyme4789__KMT2B,0.4872612330328351,1,NA
Enzyme4789__KMT2C,0.4872612330328351,1,NA
Enzyme4789__KMT2D,0.4872612330328351,1,NA
Enzyme4789__KMT2E,0.4872612330328351,1,NA
Enzyme4789__KMT5A,0.4872612330328351,1,NA
Enzyme4789__KMT5B,0.4872612330328351,1,NA
Enzyme4789__KMT5C,0.4872612330328351,1,NA
Enzyme4789__NSD1,0.4872612330328351,1,NA
Enzyme4789__SETD1A,0.4872612330328351,1,NA
Enzyme4789__SETD1B,0.4872612330328351,1,NA
Enzyme4789__SETD2,0.4872612330328351,1,NA
Enzyme4789__SETD7,0.4872612330328351,1,NA
Enzyme4789__SETDB1,0.4872612330328351,1,NA
Enzyme4789__SETMAR,0.4872612330328351,1,NA
Enzyme4789__SMYD3,0.4872612330328351,1,NA
Enzyme4789__SUV39H1,0.4872612330328351,1,NA
Enzyme4789__SUV39H2,0.4872612330328351,1,NA
Enzyme4822__GPI,-0.9694569950727993,1,NA
Enzyme4822__GPI_reverse,-0.8715592165846097,3,NA
Enzyme4823__GPI,-0.3254547053928967,3,NA
Enzyme4823__GPI_reverse,-0.8715592165846097,3,NA
Enzyme5537__ACLY,-0.367705434492779,3,NA
Enzyme5570__ADSL,-0.612075309275335,1,NA
Enzyme5581__orphanReacAKGtp,-0.7827272337139787,3,NA
Enzyme5581__orphanReacAKGtp_reverse,-0.8790887539983446,1,NA
Enzyme558500003__SLC1A5,-0.5240937828981257,3,NA
Enzyme558600003__SLC1A4,-0.02258738415102282,3,NA
Enzyme558600003__SLC1A5,-0.02258738415102282,3,NA
Enzyme558700002__orphanReacSLC_complex_3,-0.29099101705957875,3,NA
Enzyme558800002__orphanReacSLC_complex_3,1.2795420576310779,3,NA
Enzyme558900002__orphanReacSLC_complex_2,-0.29099101705957875,3,NA
Enzyme559000003__SLC1A5,-0.29099101705957875,3,NA
Enzyme559100002__SLC38A2,-1.2716401727121067,1,NA
Enzyme563000002__SLC1A5,-1.1707356955632442,3,NA
Enzyme563100003__SLC1A5,-0.3606282194873493,3,NA
Enzyme563200003__SLC1A5,-0.581057952447762,3,NA
Enzyme5633__orphanReacASNtm,-0.6146380985542892,1,NA
Enzyme5697__CEPT1,-0.06992257078545595,1,NA
Enzyme5697__CHPT1,-0.06992257078545595,1,NA
Enzyme5698__CEPT1,-0.06992257078545595,1,NA
Enzyme575700003__SLC1A5,-0.29099101705957875,3,NA
Enzyme575900002__orphanReacSLC_complex_2,-0.29099101705957875,3,NA
Enzyme575900002__orphanReacSLC_complex_4,-0.29099101705957875,3,NA
Enzyme576000002__SLC38A2,-0.09808096320641094,1,NA
Enzyme576200003__SLC1A4,-0.581057952447762,3,NA
Enzyme576200003__SLC1A5,-0.581057952447762,3,NA
Enzyme5773__CMPK1_reverse,-0.8715592165846097,3,NA
Enzyme5890__PGAM1,-0.5787475170364104,1,NA
Enzyme5890__PGAM1_reverse,-0.4891203091040627,3,NA
Enzyme5896__orphanReacDTTPtn_reverse,-0.5852346881497882,3,NA
Enzyme6133__NME1,-0.5782690195629553,5,NA
Enzyme6133__NME1_reverse,-0.8233598883956199,5,NA
Enzyme6133__NME2,-0.5782690195629553,5,NA
Enzyme6133__NME2_reverse,-0.8233598883956199,5,NA
Enzyme616600001__SLC25A1,-1.6769330096563169,3,NA
Enzyme616700001__SLC25A1,-0.8790887539983446,1,NA
Enzyme616800001__SLC25A1,-1.6769330096563169,3,NA
Enzyme617500001__SLC25A1,0.32876555995905127,1,NA
Enzyme618000002__SLC25A1,-0.8790887539983446,1,NA
Enzyme618100002__SLC25A1,-1.6769330096563169,3,NA
Enzyme618100003__SLC25A1,0.32876555995905127,1,NA
Enzyme618400002__SLC25A1,-0.8790887539983446,1,NA
Enzyme618600002__SLC25A1,0.32876555995905127,1,NA
Enzyme619000002__SLC25A1,-1.6769330096563169,3,NA
Enzyme6248__PLD2,-0.06189852393200415,1,NA
Enzyme6248__PLD2_reverse,-0.05376048607361229,3,NA
Enzyme6254__PLD2,-0.4466721627666444,1,NA
Enzyme645300001__orphanReacSLC_complex_9,-1.1707356955632442,3,NA
Enzyme6460__TPP1,1.2366722224509976,1,NA
Enzyme6460__TPP1_reverse,1.2795420576310779,3,NA
Enzyme6521__orphanReacLEUGLYHYc,1.2366722224509976,1,NA
Enzyme6521__orphanReacLEUGLYHYc_reverse,1.2795420576310779,3,NA
Enzyme6535__orphanReacPTRCtex2,0.9571521107880738,3,NA
Enzyme6535__orphanReacPTRCtex2_reverse,0.9099194760412699,1,NA
Enzyme6644__PEPD,0.984720133376915,1,NA
Enzyme6644__PEPD_reverse,1.030629871744576,3,NA
Enzyme666000001__orphanReac3MHISt3,-0.0955399614929515,3,NA
Enzyme6747__orphanReacICITtr_reverse,-1.523111240708451,5,NA
Enzyme7060__orphanReacARGCYSGLYr,0.805075818050937,1,NA
Enzyme7060__orphanReacARGCYSGLYr_reverse,0.8544388058585086,3,NA
Enzyme7061__orphanReacARGCYSSERr_reverse,-0.30324276102306064,3,NA
Enzyme7095__orphanReacASNPHECYSr_reverse,-0.43009779846853297,3,NA
Enzyme7096__orphanReacASNTYRGLYr,0.2428890238119156,1,NA
Enzyme7096__orphanReacASNTYRGLYr_reverse,0.30758969714804224,3,NA
Enzyme7102__orphanReacCYSGLNMETr_reverse,-0.02693044607654921,3,NA
Enzyme7103__orphanReacCYSGLUHISr_reverse,0.6589729545978079,3,NA
Enzyme7113__orphanReacGLYHISASNr,0.21916620017776894,1,NA
Enzyme7113__orphanReacGLYHISASNr_reverse,0.28460557566937394,3,NA
Enzyme7220__CAD,1.3834590441026526,1,NA
Enzyme7225__ENO1,-0.6773145287280803,1,NA
Enzyme7225__ENO1_reverse,-0.5852346881497882,3,NA
Enzyme7269__orphanReacGLYHISLYSr,0.7051610327706198,1,NA
Enzyme7269__orphanReacGLYHISLYSr_reverse,0.7568211651999592,3,NA
Enzyme7270__orphanReacGLYLYSCYSr,0.805075818050937,1,NA
Enzyme7270__orphanReacGLYLYSCYSr_reverse,0.8544388058585086,3,NA
Enzyme7279__NME3,-0.8715592165846097,3,NA
Enzyme7279__NME6,-0.8715592165846097,3,NA
Enzyme7279__NME7,-0.8715592165846097,3,NA
Enzyme7280__NME3,-0.8715592165846097,3,NA
Enzyme7280__NME6,-0.8715592165846097,3,NA
Enzyme7280__NME7,-0.8715592165846097,3,NA
Enzyme7283__GPI,-0.3254547053928967,3,NA
Enzyme7283__GPI_reverse,-0.9694569950727993,1,NA
Enzyme7285__PGLS,-0.20741863554399248,1,NA
Enzyme7286__orphanReacHISARGCYSr_reverse,-0.15862182194201846,3,NA
Enzyme7291__orphanReacHISGLYLYSr,0.7051610327706198,1,NA
Enzyme7291__orphanReacHISGLYLYSr_reverse,0.7568211651999592,3,NA
Enzyme7304__PGM1_reverse,-0.2341670032695861,3,NA
Enzyme7319__PSAT1,0.16828113553046448,1,NA
Enzyme7328__TKT,-1.1857251960030206,3,NA
Enzyme7328__TKT_reverse,-0.9909064004790759,1,NA
Enzyme7330__orphanReacMETGLYARGr,1.0912707050562784,1,NA
Enzyme7330__orphanReacMETGLYARGr_reverse,1.1356116673834245,3,NA
Enzyme7338__LDHA_reverse,2.3017129288083487,1,NA
Enzyme7346__ODC1,0.9099194760412699,1,NA
Enzyme7359__orphanReacPROASNCYSr_reverse,-0.2454525932520272,3,NA
Enzyme738300002__SLC38A2,-0.374972030329154,1,NA
Enzyme7387__orphanReacTRPGLUGLYr,1.8853269173841591,1,NA
Enzyme7387__orphanReacTRPGLUGLYr_reverse,1.933946956734002,3,NA
Enzyme7423__orphanReacTYRCYSGLYr,0.5450010494762951,1,NA
Enzyme7423__orphanReacTYRCYSGLYr_reverse,0.6008004592906979,3,NA
Enzyme7428__orphanReacVALARGGLYr,1.2366722224509976,1,NA
Enzyme7428__orphanReacVALARGGLYr_reverse,1.2795420576310779,3,NA
Enzyme752__H6PD,-0.8233598883956199,5,NA
Enzyme752__H6PD_reverse,-0.8715592165846097,3,NA
Enzyme753__G6PD,-0.8233598883956199,5,NA
Enzyme753__G6PD_reverse,-0.8715592165846097,3,NA
Enzyme753__H6PD,-0.8233598883956199,5,NA
Enzyme753__H6PD_reverse,-0.8715592165846097,3,NA
Enzyme7542__FH,-0.535226140071321,1,NA
Enzyme7542__FH_reverse,-0.612075309275335,1,NA
Enzyme7544__G6PD,-0.7808491040757386,3,NA
Enzyme7544__G6PD_reverse,-0.9694569950727993,1,NA
Enzyme7546__GAPDH,-0.4891203091040627,3,NA
Enzyme7546__GAPDH_reverse,-1.3472352411885111,3,NA
Enzyme7550__orphanReacGLYPHEHYc,0.7508822773365725,1,NA
Enzyme7550__orphanReacGLYPHEHYc_reverse,0.8014611557697091,3,NA
Enzyme7572__GMPS,-0.1782044041949313,1,NA
Enzyme7574__HK1,-0.9694569950727993,1,NA
Enzyme7574__HK2,-0.9694569950727993,1,NA
Enzyme757700002__BSG,2.3017129288083487,1,NA
Enzyme7578__MPI,-0.3254547053928967,3,NA
Enzyme7578__MPI_reverse,-0.3568903913680167,5,NA
Enzyme7608__IDH1,-0.8790887539983446,1,NA
Enzyme7609__PPCS,-0.06992257078545595,1,NA
Enzyme7681__GNPDA1,-1.1514026772836812,3,NA
Enzyme7681__GNPDA2,-1.1514026772836812,3,NA
Enzyme7701__LDHA,0.5731304002510559,5,NA
Enzyme7704__HK1,-0.3254547053928967,3,NA
Enzyme7704__HK2,-0.3254547053928967,3,NA
Enzyme790__GART,1.2795420576310779,3,NA
Enzyme7993__SPHK1,0.3824776313393671,5,NA
Enzyme8252__ASH1L,0.4872612330328351,1,NA
Enzyme8252__DOT1L,0.4872612330328351,1,NA
Enzyme8252__EHMT1,0.4872612330328351,1,NA
Enzyme8252__EHMT2,0.4872612330328351,1,NA
Enzyme8252__KMT2A,0.4872612330328351,1,NA
Enzyme8252__KMT2B,0.4872612330328351,1,NA
Enzyme8252__KMT2C,0.4872612330328351,1,NA
Enzyme8252__KMT2D,0.4872612330328351,1,NA
Enzyme8252__KMT2E,0.4872612330328351,1,NA
Enzyme8252__KMT5A,0.4872612330328351,1,NA
Enzyme8252__KMT5B,0.4872612330328351,1,NA
Enzyme8252__KMT5C,0.4872612330328351,1,NA
Enzyme8252__NSD1,0.4872612330328351,1,NA
Enzyme8252__SETD1A,0.4872612330328351,1,NA
Enzyme8252__SETD1B,0.4872612330328351,1,NA
Enzyme8252__SETD2,0.4872612330328351,1,NA
Enzyme8252__SETD7,0.4872612330328351,1,NA
Enzyme8252__SETDB1,0.4872612330328351,1,NA
Enzyme8252__SETMAR,0.4872612330328351,1,NA
Enzyme8252__SMYD3,0.4872612330328351,1,NA
Enzyme8252__SUV39H1,0.4872612330328351,1,NA
Enzyme8252__SUV39H2,0.4872612330328351,1,NA
Enzyme8253__orphanReacICITt_x,-1.6769330096563169,3,NA
Enzyme8253__orphanReacICITt_x_reverse,-1.615723942012147,5,NA
Enzyme82800002__SLC1A5,-1.1707356955632442,3,NA
Enzyme82900002__SLC1A5,-0.5240937828981257,3,NA
Enzyme83000002__SLC1A5,-0.02258738415102282,3,NA
Enzyme831__orphanReacGLNtm,-0.374972030329154,1,NA
Enzyme840800002__SLC25A12,1.3834590441026526,1,NA
Enzyme840800002__SLC25A13,1.3834590441026526,1,NA
Enzyme8417__THRA,1.2366722224509976,1,NA
Enzyme8418__ODC1,0.9571521107880738,3,NA
Enzyme8423__P4HA2,0.30806974675277277,1,NA
Enzyme8424__P4HA2,0.30806974675277277,1,NA
Enzyme84500002__SLC38A1,1.2366722224509976,1,NA
Enzyme84500002__SLC38A2,1.2366722224509976,1,NA
Enzyme847__orphanReacGLYtm,1.2366722224509976,1,NA
Enzyme847__orphanReacGLYtm_reverse,1.2366722224509976,1,NA
Enzyme863__GPX1,1.256653509228815,5,NA
Enzyme865__GSS,1.4257317365058264,3,NA
Enzyme8887__orphanReacGLYitr,1.2366722224509976,1,NA
Enzyme8887__orphanReacGLYitr_reverse,1.2795420576310779,3,NA
Enzyme8924__PFKFB3,-0.3254547053928967,3,NA
Enzyme8924__PFKFB4,-0.3254547053928967,3,NA
Enzyme8928__DHFR,1.0117987337823515,5,NA
Enzyme893__HK1,-0.3568903913680167,5,NA
Enzyme893__HK2,-0.3568903913680167,5,NA
Enzyme8947__FH,-0.535226140071321,1,NA
Enzyme8947__FH_reverse,-0.612075309275335,1,NA
Enzyme89600002__SLC38A2,-0.23706548421326887,1,NA
Enzyme8969__SLC37A4,-0.8715592165846097,3,NA
Enzyme8969__SLC37A4_reverse,-0.9694569950727993,1,NA
Enzyme905400003__SLC1A5,-0.3606282194873493,3,NA
Enzyme905500003__SLC1A5,-0.581057952447762,3,NA
Enzyme9058__GCLC_GCLM,-0.8469164719501747,1,NA
Enzyme906400002__SLC25A12,1.3834590441026526,1,NA
Enzyme906400002__SLC25A13,1.3834590441026526,1,NA
Enzyme906400002__SLC25A22,1.3834590441026526,1,NA
Enzyme9078__orphanReacGLYtp,1.2795420576310779,3,NA
Enzyme9078__orphanReacGLYtp_reverse,1.2366722224509976,1,NA
Enzyme9087__SLC29A1,-0.2687312923196551,1,NA
Enzyme9087__SLC29A1_reverse,-0.18792675622358396,3,NA
Enzyme9099__orphanReacH2O2tly,-0.5758095881151801,6,NA
Enzyme9099__orphanReacH2O2tly_reverse,-0.8399317593297763,4,NA
Enzyme9119__HK1,-1.0644667167570334,5,NA
Enzyme9119__HK2,-1.0644667167570334,5,NA
Enzyme9154__IDH3B_IDH3G_IDH3A,-0.8790887539983446,1,NA
Enzyme9154__IDH3G_IDH3A_IDH3B,-0.8790887539983446,1,NA
Enzyme9154__IDH3G_IDH3B_IDH3A,-0.8790887539983446,1,NA
Enzyme9155__IDH2,-0.8790887539983446,1,NA
Enzyme9155__IDH2_reverse,-1.6769330096563169,3,NA
Enzyme9172__LDHA_reverse,2.3017129288083487,1,NA
Enzyme918200002__SLC16A1,2.3017129288083487,1,NA
Enzyme9216__MDH1,-1.85529601339081,3,NA
Enzyme9216__MDH1_reverse,-0.535226140071321,1,NA
Enzyme9272__SLC9A1,-1.298676536252713,3,NA
Enzyme9272__SLC9A1_reverse,-1.1921365703755136,5,NA
Enzyme9287__NME1_NME2,-0.07633411438409489,5,NA
Enzyme9287__NME2_NME1,-0.07633411438409489,5,NA
Enzyme9292__NME1_NME2,-0.8233598883956199,5,NA
Enzyme9292__NME2_NME1,-0.8233598883956199,5,NA
Enzyme930__IDH1,-0.8790887539983446,1,NA
Enzyme931__IDH1,-0.7827272337139787,3,NA
Enzyme9392__PFKFB3,-0.3568903913680167,5,NA
Enzyme9392__PFKFB4,-0.3568903913680167,5,NA
Enzyme9409__PLCB3,-0.06478484212047268,3,NA
Enzyme9409__PLCD3,-0.06478484212047268,3,NA
Enzyme9409__PLCG1,-0.06478484212047268,3,NA
Enzyme9409__PLCG2,-0.06478484212047268,3,NA
Enzyme9411__PIKFYVE,-0.135326162622201,5,NA
Enzyme9411__PIP4K2A,-0.135326162622201,5,NA
Enzyme9411__PIP5K1C,-0.135326162622201,5,NA
Enzyme9431__GART,1.0117987337823515,5,NA
Enzyme9439__PTDSS1,-0.7934488611194087,3,NA
Enzyme944__SLC29A1,-1.4643871915055449,1,NA
Enzyme944__SLC29A1_reverse,-1.3636201857297268,3,NA
Enzyme9440__PTDSS2,-0.7934488611194087,3,NA
Enzyme949__orphanReacITPtn_reverse,-0.8715592165846097,3,NA
Enzyme95100001__SLC12A4,-1.298676536252713,3,NA
Enzyme95100001__SLC12A7,-1.298676536252713,3,NA
Enzyme951500002__SLC1A4,-1.1707356955632442,3,NA
Enzyme951500002__SLC1A5,-1.1707356955632442,3,NA
Enzyme951600002__SLC1A4,-0.02258738415102282,3,NA
Enzyme951600002__SLC1A5,-0.02258738415102282,3,NA
Enzyme951700001__orphanReacSLC_complex_3,-0.29099101705957875,3,NA
Enzyme951800001__orphanReacSLC_complex_3,1.2795420576310779,3,NA
Enzyme951900001__orphanReacSLC_complex_3,-0.29099101705957875,3,NA
Enzyme952000002__SLC1A5,-0.29099101705957875,3,NA
Enzyme952400002__SLC38A2,-0.4466721627666444,1,NA
Enzyme9532__MDH1,-0.7827272337139787,3,NA
Enzyme9532__MDH1_reverse,-0.7471703468885317,5,NA
Enzyme955900002__SLC25A10,0.32876555995905127,1,NA
Enzyme9561__SUCLG1_SUCLG2,0.5544393910368394,3,NA
Enzyme9562__SUCLG1_SUCLA2,0.3908293477089742,3,NA
Enzyme958800002__SLC1A4,-1.1707356955632442,3,NA
Enzyme958800002__SLC1A5,-1.1707356955632442,3,NA
Enzyme958900002__SLC1A5,-0.5240937828981257,3,NA
Enzyme959000001__orphanReacSLC_complex_3,-0.29099101705957875,3,NA
Enzyme959100002__SLC38A2,-0.6730357710264699,1,NA
Enzyme9629__CMPK1_reverse,-0.8233598883956199,5,NA
Enzyme9684__IDH1,-0.7827272337139787,3,NA
Enzyme9684__IDH2,-0.7827272337139787,3,NA
Enzyme9694__LDHA,1.9713540500376194,5,NA
Enzyme9694__LDHA_reverse,2.368256856346012,3,NA
Enzyme9694__LDHB,1.9713540500376194,5,NA
Enzyme9694__LDHB_reverse,2.368256856346012,3,NA
Enzyme97__ACO1,-1.6769330096563169,3,NA
Enzyme97__ACO1_reverse,-1.5613079307759183,1,NA
Enzyme97__ACO2_reverse,-1.5613079307759183,1,NA
Enzyme9701__CBS,-0.09808096320641094,1,NA
Enzyme9703__DHFR,1.2795420576310779,3,NA
Enzyme9706__AKR1B1,0.6492138789545836,1,NA
Enzyme9711__ACO1,-1.4613203590846964,3,NA
Enzyme9711__ACO1_reverse,-1.5613079307759183,1,NA
Enzyme9715__HK1,-0.3254547053928967,3,NA
Enzyme9715__HK2,-0.3254547053928967,3,NA
Enzyme9716__HK1,-0.8363580140668628,5,NA
Enzyme9716__HK2,-0.8363580140668628,5,NA
Enzyme9717__HK1,-1.3393847857432537,5,NA
Enzyme9717__HK2,-1.3393847857432537,5,NA
Enzyme9726__ALDH1B1,0.9005337011548349,1,NA
Enzyme9726__ALDH2,0.9005337011548349,1,NA
Enzyme9726__ALDH3A2,0.9005337011548349,1,NA
Enzyme9726__ALDH7A1,0.9005337011548349,1,NA
Enzyme9726__ALDH9A1,0.9005337011548349,1,NA
Enzyme9730__IDH1,-0.7827272337139787,3,NA
Enzyme9730__IDH2,-0.7827272337139787,3,NA
Enzyme9731__IDH1,-0.7471703468885317,5,NA
Enzyme9731__IDH1_reverse,-1.615723942012147,5,NA
Enzyme9731__IDH2,-0.7471703468885317,5,NA
Enzyme9731__IDH2_reverse,-1.615723942012147,5,NA
Enzyme9732__ACO1,-1.4613203590846964,3,NA
Enzyme9732__ACO2,-1.4613203590846964,3,NA
Enzyme9747__DHFR_reverse,1.0117987337823515,5,NA
Enzyme9770__PFKL_reverse,-0.8715592165846097,3,NA
Enzyme982500002__SLC25A1,-1.6769330096563169,3,NA
Enzyme986100001__SLC25A1,-0.8790887539983446,1,NA
Enzyme986100002__SLC25A1,-1.6769330096563169,3,NA
Enzyme9892__orphanReacthr_mt,-0.6730357710264699,1,NA
Enzyme991700001__SLC7A5,-0.29099101705957875,3,NA
Enzyme991700002__SLC7A5,1.2366722224509976,1,NA
Enzyme991800001__SLC7A5,1.2366722224509976,1,NA
Enzyme991900001__SLC7A5,1.2366722224509976,1,NA
Enzyme992000002__SLC7A5,-0.3606282194873493,3,NA
Enzyme992300002__SLC7A5,-0.581057952447762,3,NA
Enzyme992700002__SLC7A5,-0.0955399614929515,3,NA
Enzyme992900001__SLC7A5,-0.5240937828981257,3,NA
Enzyme993100001__SLC7A5,-0.5240937828981257,3,NA
Enzyme993300002__SLC7A5,-0.0955399614929515,3,NA
Enzyme993500001__SLC7A5,-0.02258738415102282,3,NA
Enzyme993700001__SLC7A5,-0.581057952447762,3,NA
Enzyme994300002__SLC7A5,-0.0955399614929515,3,NA
Enzyme994500001__SLC7A5,-0.02258738415102282,3,NA
Enzyme995100002__SLC7A5,-0.581057952447762,3,NA
Enzyme995400001__SLC7A5,-0.5240937828981257,3,NA
Enzyme995700001__SLC7A5,-0.581057952447762,3,NA
Enzyme996000002__SLC7A5,-0.581057952447762,3,NA
Enzyme996700002__SLC7A6,-0.15723033808550368,3,NA
Enzyme996800002__SLC7A6,-0.15723033808550368,3,NA
Enzyme997100002__SLC7A6,-1.1707356955632442,3,NA
Enzyme997100003__SLC7A6,1.2366722224509976,1,NA
Enzyme997200002__SLC7A6,1.2366722224509976,1,NA
Enzyme997300002__SLC7A6,1.2366722224509976,1,NA
Enzyme997300003__SLC7A6,-0.0955399614929515,3,NA
Enzyme997400002__SLC7A6,-0.02258738415102282,3,NA
Enzyme997400003__SLC7A6,1.2366722224509976,1,NA
Enzyme997500002__SLC7A6,1.2366722224509976,1,NA
Enzyme997600002__SLC7A6,-0.5240937828981257,3,NA
Enzyme997600003__SLC7A6,1.2366722224509976,1,NA
Enzyme997700002__SLC7A6,1.2366722224509976,1,NA
Enzyme997800002__SLC7A6,1.2366722224509976,1,NA
Enzyme997800003__SLC7A6,-0.581057952447762,3,NA
Enzyme997900003__SLC7A6,1.2795420576310779,3,NA
Enzyme998400003__SLC7A6,1.2795420576310779,3,NA
Enzyme999500002__SLC7A6,-1.1707356955632442,3,NA
Enzyme999600002__SLC7A6,-0.29099101705957875,3,NA
Enzyme999700002__SLC7A6,-0.3606282194873493,3,NA
Enzyme999800003__SLC7A6,-0.0955399614929515,3,NA
GIT1,0.4260555130468795,4,-0.4900139811490069
GNAS,-0.7039558207142591,4,-0.5841804457086182
GPI,-1.0831595031436239,2,-0.9535291327687642
GPX1,1.1275815820507404,6,0.2752773518285643
GRB10,-1.648625524190579,4,0.15428346457082676
GRB2,-0.3744099871734182,4,-0.03401156145136226
GRIPAP1,0.26447927299634866,5,-0.546812966587355
GSK3A,0.44040848244885833,5,-0.5829542628143891
GSK3B,0.47258662495113135,4,-0.5993469067880821
GSN,-1.1383032210502646,5,-0.8795214541670316
GTF2I,1.5455854028892224,6,-0.06902249049771512
HBEGF,-0.4260555130468795,4,-1.095419091547427
HDAC1,0.06267576596681647,4,0.08794301197770113
HDAC2,0.8771301901819275,4,-0.02564482168263918
HDAC3,1.1579555161848805,4,-0.40166884100168715
HDAC6,-2.2666652834137504,5,0.08311348314359776
HDAC7,1.1383032210502646,5,0.3339730173124004
HGS,-1.4206414713187232,5,0.596471867009167
HIPK2,0.39452327139947846,4,1.4034255921172953
HK1,-1.9014659715413742,2,0.3533464224548342
HK2,-1.9014659715413742,2,-0.6141035808345294
HMGA2,-1.256653509228815,5,-0.6052193744977254
HMGB1,1.536295035399286,4,-0.6962873674424552
HNRNPA0,-1.3088890339807044,5,0.13319394342207252
HNRNPK,1.536295035399286,4,-0.051664739604275256
HOXB7,-1.498830720458413,4,-0.744094755882736
HRAS,0.685137424187152,5,0.442730227052941
HSF1,-1.498830720458413,4,0.5781704269690929
HSP90AA1,-2.260510867035277,4,0.42218400591431815
HSPA5,-1.0193138841510367,5,-0.003663091397904057
HSPA9,1.1579241777874647,6,-0.21721705216092338
HSPB1,-2.3179904953620287,4,0.9104499481762799
HTRA2,0.9210435107724039,5,-0.7979357292089351
ID1,-1.648625524190579,4,0.6975739774637464
IDH1,-1.4102976993364984,2,-0.6309363240817011
IDH2,-0.9911857495914822,2,0.16042428042740536
IER3,-0.14327920375445322,5,-0.14142492806785942
IFI16,1.536295035399286,4,-1.0288756805114583
IFNAR1,-0.5664491477345488,6,0.0768227074393817
IFNAR2,0.5207959421355769,6,1.2335248357928759
IGF1R,-0.8684924677661227,4,-0.9826069516090485
IKBKE,-1.9727989321235335,5,0.4148806202505735
IKBKG,-1.4206414713187232,5,0.14102219371304225
IL6ST,0.2569433577146986,5,-0.03674771586711755
ILK,-1.7892620822758551,4,0.11256634866359257
IMPDH2,-1.3839855391901006,4,0.06143510063551288
INCENP,-1.0030219604930704,4,0.2219176598546367
IQGAP1,1.348705829968753,4,-0.44485414766862624
IRAK1,-0.02558956587903374,6,0.27810252837515126
IREB2,-1.6903243153896241,2,-0.5498959889141781
IRF1,1.1383032210502646,5,0.19554088326651567
IRF3,1.1563572006583371,5,0.1364378646945469
IRS1,-3.0388209177217838,4,0.9586599402326218
IRS2,-0.003836629520622252,5,0.6495785857293616
ITCH,-1.9357623925834226,5,0.4846005898745947
ITGAV,-0.3435608931280265,5,0.3600407530872941
ITGB1,-1.4262506266135766,4,0.8029638636852588
ITGB5,-0.7039558207142591,4,0.6155328094094339
JAK1,-0.6789529149466648,5,1.6011868501275992
JUN,1.981844466397282,4,0.8847499631187621
JUNB,1.2618271541561634,5,0.3688193237051625
KAT5,0.02611271128231656,4,0.2648379366310789
KAT8,1.536295035399286,4,0.10053513305789319
KDM1A,-1.536295035399286,4,0.0032385793613284395
KEAP1,0.8771301901819275,4,0.10012183738769515
KHDRBS1,-0.375463594659523,5,0.590100713771482
KMT2A,0.6785173068548144,2,-0.060975647341818213
KMT5A,0.6785173068548144,2,-0.7252927805993757
KPNA2,1.256653509228815,5,0.12930633803696492
KRAS,-0.11063571166342841,5,-0.7687318601897996
LATS1,1.6535184598169546,6,0.9809474501533806
LATS2,0.5506701745725531,6,-1.2522328643260145
LDHA,3.244930752379942,2,0.193049702825409
LIF,0.2517962455197715,6,0.6720314614558398
LIG1,1.119975698451822,6,-0.5336698630907943
LPIN1,-0.09025716119878832,4,0.944382846083672
LRP6,-0.15022654632386512,6,-0.3985924777612495
LYN,-0.20654964221429337,4,1.1371614976821083
MAD2L1,0.2410763334802504,6,0.09301997689396266
MAF1,1.1620422987101786,6,0.18014118038328406
MAP2K1,1.9522425885475438,4,-0.0637023608430587
MAP2K2,1.9522425885475438,4,-0.319173889291096
MAP2K3,1.3926135314585462,4,-0.20049502013172585
MAP2K4,-0.809905482093542,4,0.6600180600626735
MAP2K7,1.1713627696666646,5,-0.69349415620791
MAP3K11,0.6355601160567769,5,1.0236920632196884
MAP3K14,1.3926135314585462,4,1.91567993511861
MAP3K2,1.348705829968753,4,-0.39499786504533385
MAP3K3,0.33380758007051653,5,-0.26193754238587813
MAP3K4,-0.36199568201738747,5,0.21134765545815712
MAP3K7,1.0390810747366839,5,-0.2488443372175573
MAP4K4,-1.1921365703755136,5,0.3500360624762352
MAPK1,1.3840443234634785,3,0.4173948118289817
MAPK12,0.16749144387891376,4,0.05815263172391191
MAPK14,-0.890351330179394,4,-0.10005060041549478
MAPK3,1.4257317365058264,3,-0.8200158594968523
MAPK8,0.32669183061491286,4,-0.3226203088912683
MAPK8IP3,0.41705967277640155,5,0.9644249441385341
MAPK9,1.536295035399286,4,-0.06065630246856699
MAPKAP1,-1.648625524190579,4,0.26456951890730485
MAPKAPK2,-1.0030219604930704,4,0.5332466019537415
MAPKAPK3,-1.9095864768521045,5,1.41301728582041
MAPKAPK5,1.536295035399286,4,-0.7596777417602041
MARCKS,1.3491526592809173,6,-0.11401601247502653
MARK2,1.3544921959945844,5,0.019812034032833537
MAX,-1.4206414713187232,5,-0.8260621397266712
MCL1,0.32107771299189797,6,-0.37347641945442267
MCM7,1.2618271541561634,5,-0.13421171182782468
MDC1,1.7827203715484088,5,0.34144926572403667
MDH1,-0.9125371077228929,2,-0.9056711431598069
MDM2,-1.536295035399286,4,-1.0781573903209523
MDM4,-1.536295035399286,4,-1.1447861693146966
MET,0.2121098656343411,5,1.2207901619544963
alaargcys_c,-1.0850086467792917,2,NA
argcysgly_c,0.7102073619074574,2,NA
argcysser_c,-0.4932516134915927,2,NA
argvalcys_c,-0.20113358952844224,2,NA
asnphecys_c,-0.6251778860458628,2,NA
asntyrgly_c,0.14253907404361882,2,NA
CE5253_c,-0.6896477835940434,5,NA
cysasnmet_c,-0.34640340086141463,2,NA
cysglnmet_c,-0.2056552233731986,2,NA
cysgluhis_c,0.5076499101991638,2,NA
cysglutrp_c,0.8141057405701901,2,NA
cysleuthr_c,-0.6557821055429937,2,NA
cyssermet_c,-0.24780363977860048,2,NA
cystyrasn_c,-0.6389006804290883,2,NA
dag_hs_c,-0.2450655495505441,2,NA
gam6p_c,-1.2965899749796272,4,NA
glyhisasn_c,0.1186268135144763,2,NA
glyhislys_c,0.609108647190189,2,NA
glylyscys_c,0.7102073619074574,2,NA
glylysphe_c,0.6553564288435648,2,NA
glysar_c,1.1486858193494787,2,NA
glytyrlys_c,0.6385660311838958,2,NA
glyvalhis_c,0.609108647190189,2,NA
HC02050_c,-0.09025716119878832,4,NA
hisargcys_c,-0.3427508093154752,2,NA
hisglylys_c,0.609108647190189,2,NA
Metab__Adenosine_c,0.4252225886284037,0,NA
Metab__Ammonia_c,-1.5235765070756446,2,NA
Metab__Ammonia_e,-1.4517205321338014,4,NA
Metab__cis-Aconitic acid_m,-1.6903243153896241,2,NA
Metab__Cytidine triphosphate_n,-0.09025716119878832,4,NA
Metab__Citric acid_c,-1.4577242733647389,0,NA
Metab__Citric acid_m,-1.4577242733647389,0,NA
Metab__Cytidine monophosphate_c,-0.012836708678980525,0,NA
Metab__Choline ion_c,-0.5529433976323025,2,NA
Metab__Glycine_c,1.2617078366281353,0,NA
Metab__Glycine_e,1.1486858193494787,2,NA
Metab__Glycine_m,1.2617078366281353,0,NA
Metab__Glycine_r,1.1486858193494787,2,NA
Metab__Glycine_x,1.1486858193494787,2,NA
Metab__Glutathione_c,1.2986547564998725,2,NA
Metab__Guanosine_c,-0.20841764157274068,0,NA
Metab__Guanosine_e,-0.37325337128989255,2,NA
Metab__Fumaric acid_c,-0.5450895127808524,0,NA
Metab__Glyceric acid_c,0.9379257158601573,0,NA
Metab__Glyceric acid_m,0.9379257158601573,0,NA
Metab__L-Glutamic acid_c,1.401611046084342,0,NA
Metab__L-Glutamic acid_m,1.401611046084342,0,NA
Metab__Ethanolamine_c,-0.5529433976323025,2,NA
Metab__L-Phenylalanine_c,-0.11466696110816714,0,NA
Metab__L-Phenylalanine_e,-0.2770836855645038,2,NA
Metab__L-Phenylalanine_m,-0.11466696110816714,0,NA
Metab__L-Alanine_c,-1.1831454050609964,0,NA
Metab__L-Alanine_e,-1.392005580645969,2,NA
Metab__L-Alanine_m,-1.1831454050609964,0,NA
Metab__L-Threonine_c,-0.6046289296491623,0,NA
Metab__L-Threonine_e,-0.7820182260552804,2,NA
Metab__L-Threonine_m,-0.6046289296491623,0,NA
Metab__L-Asparagine_c,-0.5475943100939591,0,NA
Metab__L-Asparagine_e,-0.7228582416166199,2,NA
Metab__L-Asparagine_m,-0.5475943100939591,0,NA
Metab__Histidine_c,-0.17728490698377708,0,NA
Metab__Histidine_e,-0.34130239807314144,2,NA
Metab__L-Serine_c,-0.3831424174545548,0,NA
Metab__L-Serine_e,-0.5529433976323025,2,NA
Metab__L-Serine_m,-0.3831424174545548,0,NA
Metab__Inosine triphosphate_c,-1.0831595031436239,2,NA
Metab__Inosine triphosphate_n,-1.0030219604930704,4,NA
Metab__L-Lactic acid_c,2.2493553798250328,0,NA
Metab__L-Lactic acid_e,2.2514798818332578,2,NA
Metab__L-Lactic acid_m,2.2493553798250328,0,NA
Metab__L-Lactic acid_x,2.2514798818332578,2,NA
Metab__Isocitric acid_c,-1.9103890061968374,2,NA
Metab__Isocitric acid_e,-1.8526317195362134,4,NA
Metab__Isocitric acid_m,-1.9103890061968374,2,NA
Metab__Isocitric acid_x,-1.964444429465482,4,NA
Metab__Inosine_c,-1.3663211151357642,0,NA
Metab__Inosine_e,-1.5902306498808005,2,NA
Metab__alpha-Ketoglutaric acid_c,-0.8051490935576147,0,NA
Metab__alpha-Ketoglutaric acid_e,-0.9911857495914822,2,NA
Metab__alpha-Ketoglutaric acid_m,-0.8051490935576147,0,NA
Metab__alpha-Ketoglutaric acid_x,-0.9911857495914822,2,NA
Metab__myo-Inositol_c,-0.004938799114738461,0,NA
Metab__2-Oxobutanedioic acid_c,-0.5603037242832554,2,NA
Metab__2-Oxopropanoic acid_x,2.3983193352537784,4,NA
Metab__D-Glucitol_c,3.004580561171819,0,NA
Metab__Butanedioic acid_c,0.3793931979225184,0,NA
Metab__Butanedioic acid_m,0.3793931979225184,0,NA
Metab__Butanedioic acid_x,0.2291156656138071,2,NA
Metab__Phosphoenolpyruvate_c,-0.6088045785411653,0,NA
Metab__Dexfosfoserine_c,1.149882807888093,0,NA
Metab__Uric acid_c,-0.4873981397711512,0,NA
Metab__Urea_c,-0.6605554916329733,2,NA
Metab__2-Phosphoglyceric acid_c,-0.7863547541836039,2,NA
Metab__L-Cysteine_c,-0.0405509946981945,0,NA
Metab__L-Cysteine_e,-0.20113358952844224,2,NA
Metab__L-Cysteine_m,-0.0405509946981945,0,NA
Metab__D-Ribulose 5-phosphate_c,1.9456874959168982,0,NA
Metab__L-Glutamine_c,-0.31278971447252857,0,NA
Metab__L-Glutamine_e,-0.4805051818762188,2,NA
Metab__L-Glutamine_m,-0.31278971447252857,0,NA
Metab__Glycylproline_c,0.8923266010926948,2,NA
Metab__4-Hydroxyproline_c,0.15850573238068497,0,NA
Metab__4-Hydroxyproline_m,0.15850573238068497,0,NA
Metab__S-Sulphocysteine_c,-0.20113358952844224,2,NA
Metab__Homocysteine_c,0.4416304011847244,0,NA
Metab__Glycylleucine_c,1.1486858193494787,2,NA
Metab__S-Adenosylhomocysteine_c,0.5349122528649064,0,NA
Metab__S-Adenosylhomocysteine_m,0.5349122528649064,0,NA
Metab__Succinyl-CoA_m,0.2291156656138071,2,NA
"Metab__D-Fructose 2,6-bisphosphate_c",-0.4334228012372233,4,NA
Metab__gamma-Glutamylcysteine_c,-0.7739226117894036,0,NA
Metab__Glyceraldehyde_c,0.6933533502743148,0,NA
Metab__Glyceraldehyde_m,0.6933533502743148,0,NA
Metab__Dihydrofolic acid_c,1.2388013641441735,4,NA
Metab__Dihydrofolic acid_m,1.2388013641441735,4,NA
Metab__D-Sedoheptulose 7-phosphate_c,-1.105013924247708,2,NA
Metab__glyceraldehyde-3-phosphate_c,-1.573422920114208,2,NA
Metab__Guanosine diphosphate_m,0.2291156656138071,2,NA
"Metab__Glyceric acid 1,3-biphosphate_c",-0.6865222656855953,2,NA
Metab__dTDP_n,-0.6776956193446326,6,NA
"Metab__2,3-Diphosphoglyceric acid_c",-0.5125025754505299,0,NA
Metab__6-Phospho-D-gluconic acid_c,-0.14812908155580734,0,NA
Metab__D-Erythrose 4-phosphate_c,-0.9134139660662651,0,NA
Metab__Thymidine 5'-triphosphate_c,-0.7863547541836039,2,NA
Metab__Thymidine 5'-triphosphate_n,-0.7039558207142591,4,NA
Metab__5'-Guanylic acid_c,-1.536103524392448,0,NA
Metab__Glucose 6-phosphate_c,-0.8926794058214481,0,NA
Metab__Glucose 6-phosphate_r,-1.0831595031436239,2,NA
Metab__Putrescine_c,0.9470228019540424,0,NA
Metab__Putrescine_e,0.8164362167863811,2,NA
Metab__Putrescine_m,0.9470228019540424,0,NA
Metab__Ribose 1-phosphate_c,-0.42137764957806984,2,NA
Metab__dADP_c,-0.17274569013429408,2,NA
Metab__dADP_n,-0.9819893992576288,6,NA
Metab__Deoxyadenosine triphosphate_c,-1.0831595031436239,2,NA
Metab__Deoxyadenosine triphosphate_n,-1.0030219604930704,4,NA
Metab__Phosphorylcholine_c,-1.8898792117628709,2,NA
Metab__Glucose 1-phosphate_c,-1.0831595031436239,2,NA
Metab__Tetrahydrofolic acid_c,1.1486858193494787,2,NA
Metab__Tetrahydrofolic acid_m,1.1486858193494787,2,NA
Metab__L-Arabitol_c,1.9037250892249016,0,NA
Metab__Glycineamide ribonucleotide_c,1.2388013641441735,4,NA
Metab__Oxalic acid_c,0.7039558207142591,4,NA
Metab__Alloxan_c,-0.6605554916329733,2,NA
Metab__Hydrogen peroxide_c,-0.715549484241548,3,NA
Metab__Hydrogen peroxide_l,-0.6896477835940434,5,NA
Metab__Inosine diphosphate_c,-1.0030219604930704,4,NA
Metab__Oxiglutatione_c,1.536295035399286,4,NA
Metab__Beta-D-Fructose 6-phosphate_c,-0.5163584291983186,2,NA
Metab__Oxalosuccinic acid_c,-0.9911857495914822,2,NA
Metab__Oxalosuccinic acid_m,-0.9911857495914822,2,NA
Metab__Oxalosuccinic acid_x,-0.9101145380431731,4,NA
Metab__Glycyl-Phenylalanine_c,0.6553564288435648,2,NA
Metab__Leucyl-Glycine_c,1.1486858193494787,2,NA
Metab__D-Glycerate 3-phosphate_c,-0.9279452056668349,4,NA
"Metab__6-O-phosphonato-D-glucono-1,5-lactone(2-)_c",-0.9892400380782398,2,NA
"Metab__6-O-phosphonato-D-glucono-1,5-lactone(2-)_r",-1.0030219604930704,4,NA
Metab__5'-xanthylate(2-)_c,-1.457547250851876,2,NA
ileglyarg_c,1.1486858193494787,2,NA
lyscyshis_c,-0.3427508093154752,2,NA
M00213_c,0.3889946834127404,2,NA
M01389_c,-1.0831595031436239,2,NA
man6p_c,-0.4334228012372233,4,NA
metglyarg_c,1.0005931859418322,2,NA
mi1p_D_c,-0.16465672708659632,2,NA
Ndmelys_c,0.3889946834127404,2,NA
pa_hs_c,-0.23421964717488325,4,NA
pail_hs_c,-0.23358818021086342,2,NA
pail45p_hs_c,-0.1624304285688181,4,NA
pail4p_hs_c,-0.1624304285688181,4,NA
phsph1p_c,0.47098185697363265,4,NA
proasncys_c,-0.43312184554301303,2,NA
progly_c,0.8923266010926948,2,NA
ps_hs_c,-0.9654184706720437,2,NA
sercysarg_c,-0.4932516134915927,2,NA
serglyglu_c,1.1799659214252154,2,NA
sphs1p_c,0.47098185697363265,4,NA
trpglugly_c,1.815807165620953,2,NA
trpglyasp_c,1.3860722226960873,2,NA
trpglyval_c,1.1486858193494787,2,NA
tyrcysgly_c,0.4472797069224249,2,NA
tyrcysthr_c,-0.6733749082714641,2,NA
valarggly_c,1.1486858193494787,2,NA
MINK1,-0.730969584358375,5,-0.2675096510772038
MKNK1,-0.2969836966046945,6,0.09144736546735753
MMP14,1.0586135976982944,6,0.2723579014091541
MSH2,0.761817663774988,4,-0.3211075915745601
MTOR,-0.1784359634550289,4,0.4422591381774602
MUC1,0.26447927299634866,5,-1.0079813661076098
MVD,-1.3534379529896408,5,0.7920716706895223
MYC,-1.7287205741947544,4,-0.6589549794269953
NBN,1.256653509228815,5,0.641223829475469
NBR1,-0.20025907114450153,6,-1.224005082736808
NCK1,-0.3744099871734182,4,-0.37221777097746644
NCK2,-0.3744099871734182,4,0.598723209445557
NCOA1,0.6398479628447162,4,-0.8659749063227078
NCOA2,1.2388013641441735,4,1.1942713963194218
NCOA3,1.5455854028892224,6,-0.2536849466102414
NCOR1,-0.2784444161320932,5,0.30342477285104275
NCOR2,-0.2784444161320932,5,0.6043110706051912
NEDD4,-0.7130533443570035,5,-0.914960158575568
NEDD4L,0.08235709878004842,5,-0.3711766737344124
NEK2,-0.06131937698461861,5,0.013223931772289393
NF2,0.3508648903147506,5,0.8521731095603804
NFAT5,1.9811364440804689,3,-0.5031258522269155
NFE2L2,-0.7511627168018971,3,-0.28490622725322323
NFKB1,0.3344779281712573,5,1.1715312352185006
NFKBIB,-0.31958443711857604,6,-0.019830001562667243
NFYA,-1.7287205741947544,4,0.13212795351313503
NME1,-1.1263458704246712,6,0.08588854578063072
NOLC1,-0.8116319560752374,4,0.24119875310186348
NOTCH1,1.973655933814375,6,0.8034695894307994
NOTCH2,1.832365157026432,6,0.9877417599537746
NPM1,-1.536295035399286,4,-0.3693065552519067
NR1H2,1.0117987337823515,5,-0.9654028158316414
NR2C2,0.5950454503947641,6,0.7232086570490021
NR2F2,1.2795420576310779,3,-0.3194995611094983
NR2F6,1.2388013641441735,4,-0.28224481145593977
NR3C1,-1.6530230262529129,4,0.2365055601829932
NRAS,-0.11063571166342841,5,0.8487562362102543
NRIP1,1.2388013641441735,4,1.3399760850360292
NUMB,1.536295035399286,4,0.4377114941049347
NUP153,-1.9064279143404614,5,0.2965874444611135
NUP50,-1.2618271541561634,5,-0.3250064508832534
ODC1,0.8164362167863811,2,0.1529688814702379
OTUD5,1.5198595458123325,6,-0.21974545171905754
P4HA2,0.2954442310144646,2,1.16999291824325
PAK1,-0.2687183741571773,3,-1.4243016758226898
PAK2,0.09019628186428845,5,0.2862110278046421
PAK4,1.3433076388943292,3,0.4132090055979387
PALB2,-1.2618271541561634,5,-0.5543178627215618
PARP1,1.536295035399286,4,-0.5264787608315605
PAXIP1,1.256653509228815,5,-0.5779730028570802
PCNA,1.2479986679861594,5,-0.3398009122002037
PCYT1A,-0.09025716119878832,4,0.1264032501942586
PDCD6IP,0.4260555130468795,4,-0.13917261316794277
PDPK1,-0.7428945791983,3,-0.20963881880030016
PEBP1,1.6004090667295892,5,-0.5141280256576785
PELP1,1.3581223376006235,5,0.2724520686963379
PFAS,1.2986547564998725,2,1.2723641331726472
PFKFB3,-0.4334228012372233,4,1.3455975164710028
PFN1,1.3491526592809173,6,0.7829405713531989
PGAM1,-0.6865222656855953,2,1.5723657990620175
PGD,1.8998235054185872,2,-0.21608378083433202
PGM1,-1.0831595031436239,2,0.5699464529979541
PI4K2A,-0.12897435216316405,6,-0.3142856533966524
PI4KB,-0.12897435216316405,6,-0.5242192327227598
PIAS1,-0.0781627296764735,4,-0.9200366049250844
PIAS2,-0.9802692892289391,6,0.12199715610205818
PIAS3,-1.4206414713187232,5,-0.1072718708642455
PIAS4,1.256653509228815,5,-0.8874599007647803
PIK3CA,-0.972983177674568,4,-0.9681528818802704
PIK3CB,-0.809905482093542,4,-0.03769419051170303
PIK3R2,-0.6094030797510455,5,-0.44411009652198263
PIKFYVE,-0.09106526709032932,6,-1.2721597586614728
PIN1,0.7677285806732077,4,0.04168747457210338
PIN4,-2.5145595318164946,5,-0.28965935648580443
PINK1,-1.2618271541561634,5,1.0094243326649674
PIP4K2A,-0.09106526709032932,6,0.5778483510675042
PIP5K1A,-0.09106526709032932,6,0.008913138171935505
PIP5K1C,-0.09106526709032932,6,0.10755002288565069
PKN1,-0.2687183741571773,3,-0.46125526550114143
PLCB3,-0.20989939988224857,4,0.4937312771899917
PLCG1,-0.20989939988224857,4,-0.09095033506347125
PLCG2,-0.20989939988224857,4,0.2315548433759508
PLD2,-0.5089914147925821,2,1.0390221840105915
PLK1,-0.8715592165846097,3,1.0795996260502827
PMAIP1,1.2618271541561634,5,-0.11598122753718368
PML,1.1591675226112605,5,1.085730060802947
PPARD,0.9126071769838733,6,-0.08356141454048327
PPME1,0.18991217619664594,5,-0.4984670121273166
PPP1CA,-1.4257317365058264,3,0.033547217530757865
PPP1CB,0.5023688813998288,4,-0.013958087835646853
PPP1CC,0.0781627296764735,4,-0.47679269456313905
PPP1R14B,-0.4081525462295041,5,0.22927785335615936
PPP1R2,1.585961663763633,4,-0.008406605866312906
PPP1R8,1.585961663763633,4,0.27779087922277623
PPP1R9B,0.06131937698461861,5,0.3177744288764627
PPP2CA,-0.5357296994645167,4,0.06321276022331843
PPP2CB,0.21401293767719043,4,-0.22938279031945172
PPP2R1A,-0.18991217619664594,5,0.26356988051022684
PPP2R2A,0.1784359634550289,4,-1.192830208495423
PPP2R5A,-0.3677053967311669,6,-0.6420457687329033
PPP2R5C,0.1784359634550289,4,-0.1874786266813026
PPP2R5D,-0.3368469621094145,6,0.23245628106670732
PPP3CA,1.1622942008885593,5,0.9651290976017717
PRC1,-0.18215551789721432,6,0.3805643125071087
PRDX6,-0.6605554916329733,2,-0.7113877969615429
PRKAA1,1.536295035399286,4,0.657927454945639
PRKACA,-1.4257317365058264,3,-0.3730013235446996
PRKACB,-1.256653509228815,5,-0.4486782164019446
PRKAR1A,1.585961663763633,4,-0.3312144007542713
PRKCA,0.24023515746506247,3,1.4618283991952639
PRKCD,-0.6867908366252571,3,0.3323273884614462
PRKCI,-1.7855456396750695,5,-0.7484229938478157
PRKDC,-1.3433076388943292,3,1.081867933318015
PRNP,-1.2416690984534866,4,-0.18298567136545202
PRPS1,-0.011821997771156,4,0.8949676708116903
PRPS2,-0.011821997771156,4,-0.5248093592124938
PSEN1,0.7674085395153352,6,-0.4291193206693149
PSIP1,-0.8623898735786777,3,-0.19164761350045725
PTK2,-0.23566503370173675,4,0.5809358034132638
PTPN1,1.2170500051808555,4,-0.23817026720928025
PTPN11,0.4260555130468795,4,-0.14214763996324287
PTPN12,0.7039558207142591,4,-0.10345556295542878
PTPRA,0.313272291282265,4,-0.2628764171220829
PTPRF,1.648625524190579,4,0.9343255501249734
PTPRJ,-1.9418862981991016,4,1.0588192827684861
PTTG1,1.536295035399286,4,-0.2407379619330541
PXN,-1.2267464553370682,5,0.06668969219489837
RAC1,-1.6473483853887958,4,-0.17750774315835846
RACGAP1,0.17727791125891088,5,0.4025889875907706
RAD1,0.6205134355454096,5,0.3681897476629788
RAD50,-1.2618271541561634,5,-0.09002321150275473
RAD9A,1.3299982380045248,5,-0.2574377085705843
RAF1,-0.41648383072437606,5,-0.07351493113432529
RALA,-0.3183727236001459,3,1.1493714246624482
RALBP1,0.17727791125891088,5,0.6103619774267414
RALGDS,-0.4260555130468795,4,-0.5426007078140267
RAN,-1.0774211144352757,6,-0.2958138588761219
RANBP3,-1.2618271541561634,5,0.23137571082136393
RAP1A,-0.3508648903147506,5,-0.6853691684945266
RAPGEF1,-0.30862919626631297,5,0.2152478102489825
RARA,1.2795420576310779,3,0.4083965683607326
RARG,1.2795420576310779,3,-0.8142347880528186
RASA1,0.5569577630157477,5,0.31278299049949837
RASSF1,1.2618271541561634,5,0.7100541857128363
RB1,-2.103603275069446,4,-1.0166037585748924
RB1CC1,1.536295035399286,4,0.4822066862536964
RBL1,1.4206414713187232,5,0.1500383780252255
RBL2,-1.3088890339807044,5,-0.4179798234609325
RBPJ,1.6004090667295892,5,0.6690051793028384
RCHY1,-1.536295035399286,4,-0.689943410284805
RHEB,0.6999661838498631,5,-0.3290417179514779
RHOA,-0.530976134943535,4,0.16826092537036055
RHOQ,-0.3744099871734182,4,-0.3769582151663168
RIN1,-0.4260555130468795,4,0.9845831148404637
RIPK1,0.4260555130468795,4,-0.08759949472589279
RIPK2,-0.3300438443813178,5,0.6277820635845027
RNF111,-1.3771919567716715,5,0.19696939534664834
ROCK1,-0.4540291639986005,5,-0.13450791912380974
ROCK2,-0.14338931617359432,6,-0.4305240308558282
RPA2,-1.0774211144352757,6,-0.13865340409204877
RPS6KA1,1.010692880295861,5,0.2800753292426737
RPS6KA3,0.5506815059633937,5,-0.2684455319560297
RPS6KA4,-0.11504605122809158,5,1.600588591652462
RPS6KB1,1.4257317365058264,3,-0.9341688508093228
RPTOR,1.3926135314585462,4,0.5842464271764662
RRAS,0.8812287649445694,5,0.2523477963292275
RUNX1,-1.1590070354742235,6,0.06484586899677082
RUNX2,1.4166510602241136,5,1.6938231405947335
RXRA,1.2388013641441735,4,1.0039102928712174
RXRB,1.2795420576310779,3,-0.9534203573083958
SDC4,-1.3534379529896408,5,0.8491682924253426
SET,-0.6264248903614689,5,-0.23959936602591658
SETD2,0.6785173068548144,2,0.8786970267214976
SETDB1,0.6785173068548144,2,0.26017033462868644
SFN,-1.4156824691737424,6,-0.8157534244129874
SH3GLB1,-0.05653258484152424,6,0.18196745086687413
SHC1,1.348705829968753,4,-0.6380830101775691
SIAH2,-0.3199448001312286,5,-0.15563966049473602
SIK2,2.5145595318164946,5,-1.1055092836738525
SIRT1,0.8238264658855574,3,-0.8753709946805505
SIRT2,-0.4891203091040627,3,-1.334057718205041
SKP2,1.400889433747406,3,0.7106513505740651
SLC29A1,-0.17093083599264985,2,-0.1972876572252595
SLC38A2,-1.0446205936629458,2,-1.5123955177754322
SLC9A1,-1.4517205321338014,4,0.36589150188717806
SLK,0.4366907528256132,5,-0.250128063044353
SMAD1,0.7199329690166504,6,-1.3307317719287945
SMAD2,-1.7287205741947544,4,-0.4579347781982606
SMAD3,1.3832052229098701,5,0.6507628210458086
SMAD4,0.18751830465993466,5,-0.09766096992558856
SMAD5,0.19110681566665805,6,-0.016467058624523575
SMAD7,-1.585961663763633,4,0.9227302965408702
SMARCC1,-1.3581223376006235,5,0.2602144512399546
SMPD1,-1.831179166250958,4,-0.6589989337628103
SMURF2,-1.4206414713187232,5,-0.9430739792314388
SMYD2,-1.536295035399286,4,-0.1993664208877179
SNTA1,-0.30862919626631297,5,0.40572866001071406
SNW1,1.4301733181626741,6,-0.13637670899583204
SNX9,-0.4260555130468795,4,0.6776549073238793
SOCS7,2.5145595318164946,5,-0.9490008094716664
SOS1,-1.3534379529896408,5,-0.8595234347882981
SOX9,-1.2682937722658796,6,-1.0131056612363045
SP3,-1.7287205741947544,4,-0.09034294755887701
SPEN,-1.1617242827827672,6,0.6668138076280643
SPHK1,0.5121588572856107,6,1.2836926428837978
SPRY2,0.30862919626631297,5,-1.4429575879250907
SQSTM1,-0.26025207876326967,5,-0.4478965211084959
SRC,-0.5852346881497882,3,-0.40403945392266327
SRF,-1.0728766219533745,6,0.6722166455268829
STAT1,0.7375241933740568,5,1.0368763418899971
STAT2,0.6722340285908963,6,-1.6373695611966956
STAT3,-0.45063080665988575,5,-0.36934350716212305
STAT5B,2.2410759909944677,6,-0.3862759459469075
STAT6,-0.6722340285908963,6,0.7374877854136713
STEAP3,1.1321284570975838,6,0.8410232225120952
STK24,-0.9372659808333177,6,-1.0326084268206748
STK3,-0.026383462825399474,6,-0.2021236585696631
STK38,-1.1021717004165064,5,-0.24728896353848934
STK4,-0.6650456031865949,5,-0.7247142667541191
STRAP,1.4206414713187232,5,-0.5931410343878133
STX1A,1.7548376010515048,5,-0.4574288560402004
SUMO1,-1.4229778205932062,5,-1.043872743682814
SUN1,-1.6454154528265916,6,0.049815179824931013
SUV39H1,0.6785173068548144,2,0.33721924389288616
SYNJ2,-0.09106526709032932,6,1.7549889112222359
TAB1,0.9365404410655596,6,0.29785618779999246
TAB3,-0.19762317827123488,6,-0.23094838476271942
TBK1,-1.648625524190579,4,-1.0070920190228194
TBL1XR1,-0.6426276411363588,6,0.7777046449827237
TBP,-1.3581223376006235,5,0.471212259414158
TCF3,-1.3544921959945844,5,0.183500472595277
TCOF1,1.1275815820507404,6,1.0296798935424862
TELO2,-0.14840917396927655,5,0.5472962067960221
TFDP1,0.864239421944036,5,-0.7870099848805442
TGFB1,-0.4260555130468795,4,0.5620609502811951
TGFB1I1,1.302783813273176,5,0.7618304417921128
TGFBR1,-0.45177250816869746,5,-0.6815591647107776
TGFBR2,-0.9370127033031873,5,0.9926928507037263
THRA,1.1486858193494787,2,-0.9060502591264853
TIAL1,1.3088890339807044,5,-0.1655223759427185
TICAM1,-0.7121252371461446,5,0.40775480605084974
TKT,-1.105013924247708,2,0.49612835687568724
TLN1,-1.164534274461394,5,0.7774153413569366
TNFAIP1,0.4366907528256132,5,0.5645461610723406
TNFRSF10B,1.051431025844741,5,-0.3854519768162377
TNFRSF1A,1.5916756857325316,5,0.4891626306475609
TNIP2,1.4206414713187232,5,0.596721056150858
TNK2,-1.648625524190579,4,-0.7671981112615625
TOPBP1,0.761817663774988,4,-0.2440490351066866
TOPORS,1.536295035399286,4,0.10094072998980864
TP53,1.561882337454452,3,-1.0254170596200585
TP53BP1,1.536295035399286,4,-0.03746502230207207
TP53BP2,1.536295035399286,4,0.6248199208656909
TRADD,0.197331429025866,5,-0.5123893779467602
TRAF2,1.2328441578337272,5,1.4503755180731035
TRAF3,-1.7643242531932983,5,1.0323180428050351
TRAF4,-0.2892048140870681,6,-0.15573500408864602
TRIB3,1.648625524190579,4,0.3782077833458316
TRIM28,0.8238264658855574,3,0.2693381111168987
TRIO,-1.268512264137795,5,1.9050936403675969
TRIP11,1.2795420576310779,3,-0.7392293042136454
TRIP6,-0.26127019191998485,6,0.0653724901114573
TRRAP,-1.4206414713187232,5,0.22090251581506176
TSC1,-1.3544921959945844,5,-0.5578366169955277
TSC2,-1.063630990410003,5,0.18938022270115482
TTK,1.536295035399286,4,-0.2753293663089432
TXN,0.8238264658855574,3,-0.44399636888213107
TYK2,0.8767390760043521,5,0.10292442277390594
UBE2A,1.119975698451822,6,-0.41615631949166987
UBE3A,-1.536295035399286,4,-0.2642977112950961
UIMC1,-1.2618271541561634,5,-0.3276460736645956
ULK1,1.7855456396750695,5,-1.232428738271978
USP10,1.536295035399286,4,0.46389430936933906
USP13,1.5935966330883913,6,0.31793950805502363
USP4,-0.3677053967311669,6,-0.6213289809231715
VASP,1.6397179937573625,6,-0.0639513065584694
VAV2,-0.4329472143183567,5,0.9862929221188123
VHL,1.536295035399286,4,-0.5262221744205937
VPS39,-0.19110681566665805,6,-0.17532147353784225
WASF1,1.3491526592809173,6,0.911235011911175
WWTR1,-1.4206414713187232,5,1.292854962007741
XIAP,-1.3926135314585462,4,-0.4622748347011127
XPO1,-1.536295035399286,4,-0.439292553811944
XPO5,-0.12497952214995955,6,0.2995858969076784
XRCC6,1.8124896181529142,6,0.29915207328769317
YAP1,-1.302783813273176,5,-0.8706414773187466
YES1,-0.1951909570682364,5,0.20071477825628217
YWHAB,-1.4156824691737424,6,-0.17365460442622363
YWHAE,-1.6004090667295892,5,0.45725096565689866
YWHAG,-1.6004090667295892,5,0.5842926908446261
YWHAH,1.4237134200514492,5,1.049673868744825
YWHAQ,0.318097387166929,5,-0.06179247926290873
YWHAZ,-1.6004090667295892,5,0.9026801323558388
ZBTB17,1.3088890339807044,5,0.21568137538490773
